rank,team,conf,record,adjoe,oe Rank,adjde,de Rank,barthag,rank,proj. W,Proj. L,Pro Con W,Pro Con L,Con Rec.,sos,ncsos,consos,Proj. SOS,Proj. Noncon SOS,Proj. Con SOS,elite SOS,elite noncon SOS,Opp OE,Opp DE,Opp Proj. OE,Opp Proj DE,Con Adj OE,Con Adj DE,Qual O,Qual D,Qual Barthag,Qual Games,FUN,ConPF,ConPA,ConPoss,ConOE,ConDE,ConSOSRemain,Conf Win%,WAB,WAB Rk,Fun Rk,adjt
1,Michigan,B10,25-2,129.08642747480258,4,91.56087945463219,2,0.9811089952883857,1,28.027212403628173,2.9727875963718255,18.027212403628173,1.9727875963718253,15-1,0.767867763093598,0.7312383884355342,0.7930504581710168,0.784621800827845,0.7312383884355342,0.8139826776436159,0.6139462891692775,0.6674506862318567,117.75723561675042,103.50762228675806,118.44068355862494,102.91067830653417,128.99871183520426,93.86322786801122,128.9490634557125,88.5915666575269,0.9868341964430984,16.0,0.04494891297551018,1397.0,1133.0,1133.1625000000001,1.2328328902518393,0.9998565960310193,0.897711555534012,0.9375,10.046466624179558,1,81,71.8282929655969
2,Arizona,B12,25-2,125.57375317160742,13,91.39140917749302,1,0.9747666222358141,2,28.30729408942299,2.6927059105770113,15.307294089422989,2.6927059105770113,12-2,0.6999180772180655,0.5711183181905249,0.8195178534579244,0.7219834592392708,0.5711183181905249,0.8309416166633646,0.6408326333429958,0.7259327843682146,116.35384719513598,104.7412031440099,116.9377670175648,104.28847640732991,125.3289328013813,90.62836745018096,124.51877800117235,89.78349697992228,0.9772713145037338,15.0,0.07929841521464187,1180.0,988.0,1010.025,1.1682879136655033,0.9781936090690825,0.8709247878824055,0.8571428571428571,9.218324366102351,3,29,70.51264924404283
3,Duke,ACC,25-2,126.47927223729303,9,92.66303038591835,4,0.9728209035391422,3,28.246348261967736,2.7536517380322616,16.24634826196774,1.7536517380322616,13-1,0.7048256507041428,0.6284936101317732,0.7757054026642007,0.7261670143673958,0.6284936101317733,0.7967089174264569,0.6259995351828741,0.6315275553127369,116.29761140759386,104.19586633511692,116.87589097759134,103.82631934121417,126.71995824781551,93.52287222549947,124.40374458379581,90.56707622042683,0.974681554557836,15.0,0.09255232990960138,1111.0,891.0,913.0499999999998,1.216800832375007,0.975850172498768,0.8702212190943537,0.9285714285714286,9.763541974536977,2,16,65.70984940099515
4,Houston,B12,23-4,127.48871251413178,6,93.43968056178377,6,0.9726998910787015,4,26.34482425204572,4.655175747954283,14.344824252045719,3.6551757479542837,11-3,0.6917769612937787,0.5336890610764932,0.838572868638401,0.7034324453226598,0.5336890610764934,0.8260248895004464,0.6664055671307957,0.7942085468598082,115.48851259087157,104.99912982820227,115.86715268020693,104.88111205208119,129.13664497421874,92.8585223518343,130.655510701339,97.66930714728541,0.9659812758513239,12.0,-0.0012075104884941013,1067.0,895.0,896.3,1.1904496262412139,0.9985495927702779,0.7821069625176059,0.7857142857142857,6.89916323237396,6,184,62.90886559626563
5,Florida,SEC,21-6,125.4464559804498,14,92.26122946871605,3,0.9716242074334016,5,24.265310714705215,6.734689285294783,15.265310714705217,2.7346892852947833,12-2,0.730196906191388,0.6188586483691085,0.8335824313120758,0.7448658146239764,0.6188586483691085,0.8358709902524919,0.6347690023482752,0.6974346599204503,118.04324511249499,105.43744383442261,118.61662947115742,105.2879922170178,127.16591299650676,90.98462958671998,126.15142199849687,93.0399769988651,0.9707223879084431,14.0,-0.056879112477283944,1226.0,1008.0,1011.3,1.212300998714526,0.9967368733313557,0.8438809465439481,0.8571428571428571,5.737883006572696,14,305,70.23388588388124
6,Illinois,B10,22-6,133.88161751685627,1,98.72711288301181,27,0.9707689792255807,6,24.42370782926231,6.576292170737691,15.423707829262309,4.576292170737691,13-4,0.7236704494834642,0.5788830646545852,0.817356404372739,0.7270290215468443,0.5788830646545852,0.8085092978375872,0.630597789504812,0.7245194506592005,117.14736013251353,104.27399896171937,117.1908302469262,104.06214022244082,134.90767020665044,99.55835080059981,134.9382099319792,99.98033349223881,0.9691774118690425,16.0,-0.035770226777108394,1405.0,1206.0,1116.3125,1.2586081406416214,1.0803426459884664,0.7583756941383938,0.7647058823529411,6.442560589329848,9,264,65.32841046513153
7,Purdue,B10,22-5,131.09130314718647,2,98.61590987596935,26,0.9635121796716247,7,25.047070821131108,5.952929178868893,15.047070821131104,4.952929178868893,12-4,0.7411815952570493,0.6250172556349736,0.8210445787472265,0.7594672944992137,0.6250172556349733,0.833414815874546,0.6166891191753489,0.7243548611117346,117.75124119186614,104.05023333157925,118.21754130011219,103.70450506565513,131.15766824560097,98.49499419336983,131.4773769455493,96.39875709013488,0.9725865989537047,14.0,0.020455323817863524,1285.0,1134.0,1053.2875,1.2199897938597013,1.0766291254761877,0.8828957643838243,0.75,7.103704667869471,5,129,65.08207599332272
8,Iowa St.,B12,23-4,124.9618086419558,17,95.33549111268607,10,0.9573837653400799,8,25.70801485947841,5.291985140521589,12.70801485947841,5.291985140521589,10-4,0.6454069593684937,0.4639136765116193,0.8139364363070201,0.6712971609972765,0.4639136765116193,0.8210741220146955,0.6748378659937921,0.7967675946244751,113.36462045039713,105.36290536486406,114.37672519798302,104.76383480558387,123.42384477693656,94.90647286122802,119.54465652405626,96.041165568555,0.9253596012197419,10.0,0.033612634868736224,1069.0,942.0,927.9624999999999,1.1519862063391573,1.0151272276627559,0.8460560219915598,0.7142857142857143,6.07562293813736,10,106,67.05120029739194
9,Connecticut,BE,25-3,124.20954944932426,20,95.61246421378287,13,0.9529866340100338,9,27.468792836026076,3.5312071639739258,17.468792836026076,2.5312071639739258,15-2,0.6945450638040978,0.5894659080085719,0.7625374587306142,0.7045425118066615,0.5894659080085719,0.7678346438956105,0.6717132204160499,0.64234310341935,115.66993796234132,105.16753454254693,115.41045138974427,104.6001003970811,123.23490539646609,95.86545717830899,123.81331454498736,94.4165750553022,0.9575954614507998,12.0,0.1055857606653886,1349.0,1168.0,1147.3999999999999,1.1757015861948754,1.017953634303643,0.7978520264972563,0.8823529411764706,8.302905847215122,4,10,65.15554927284722
10,Texas Tech,B12,20-7,125.94776786373353,11,98.08837274815852,22,0.946595766311093,10,22.52287604707863,8.477123952921367,12.522876047078631,5.477123952921368,10-4,0.7295397305253963,0.6402133222081987,0.8124856811056509,0.7473633049046473,0.6402133222081988,0.8247494035187487,0.6173203914028426,0.6921802932307509,118.42156370634302,104.55508495517708,118.50473652659477,103.77446412291954,126.2173463072342,95.83647695144683,124.98147197579357,99.17035588887121,0.9346401350709359,13.0,0.011047840825072042,1128.0,1002.0,957.3625000000001,1.1782370836543106,1.046625494522712,0.867672431964591,0.7142857142857143,4.8047644438838955,16,148,66.99838055462027
11,Nebraska,B10,23-4,119.51003437726101,51,93.17042456109453,5,0.9459947109637354,11,26.026267352668825,4.9737326473311745,15.026267352668825,4.9737326473311745,12-4,0.6640709058322807,0.41435772243798463,0.8357487194158593,0.6800702228665816,0.41435772243798463,0.8262120981023099,0.6714038812526125,0.8912349676321875,116.05062944983277,106.1273290784322,116.22776708436763,105.74460148011467,121.10537423840013,90.51543316467667,120.49824953392333,89.79996025823728,0.9671239733986338,12.0,0.084977215466434,1210.0,1049.0,1059.1875,1.142385082905529,0.9903817784858677,0.7880656128481124,0.75,6.540564369993874,7,25,66.88099119408149
12,Vanderbilt,SEC,21-6,124.94184520516829,18,97.80453009700969,20,0.9435391930648726,12,23.539477925705313,7.460522074294687,10.539477925705313,7.460522074294687,8-6,0.6910195632850221,0.5310530232850736,0.8395599218564033,0.7136008335184004,0.5310530232850736,0.8454409186869147,0.6670555165447375,0.803303756980219,116.60781550446548,106.43257338197819,117.12911342319735,105.75257517796634,122.99922711264695,98.70915818091181,128.1144058182732,97.46560704441484,0.9586865899196723,14.0,-0.009655761420523268,1130.0,1071.0,975.0875000000002,1.1588703577884034,1.098362967426,0.8660244075937047,0.5714285714285714,4.5102450589926155,20,203,69.52615518628592
13,Tennessee,SEC,20-7,122.40237422487581,30,96.0836441944918,16,0.941809921545315,13,22.774779801888222,8.225220198111774,12.774779801888226,5.225220198111773,10-4,0.6882812877569018,0.5144535971425712,0.8496927147559232,0.7106454917479352,0.5144535971425713,0.8523396378518092,0.629724679575312,0.7378092052289011,117.90353066069665,106.7295703706594,118.42915224025894,106.24461897290264,121.87842974816249,96.54718002755791,121.21112984548499,96.02365004830813,0.935764204950468,15.0,0.016803686385472583,1093.0,1035.0,957.4,1.1416335909755588,1.0810528514727387,0.8616038686874105,0.7142857142857143,4.56581820458491,19,136,65.49855835753571
14,Louisville,ACC,20-7,125.41484376857925,16,98.56370091993122,25,0.9410676776274473,14,22.49955201712659,8.500447982873407,11.499552017126595,6.500447982873407,9-5,0.6767428796343741,0.5608099044909488,0.7843949279818402,0.7004900674945105,0.5608099044909489,0.8013701852193049,0.6580443172246104,0.7470436439232838,114.78380626122134,104.82693252220928,115.39402566586054,104.29132090234322,124.62449739913887,98.59235951271296,122.75357268843275,98.38710477724727,0.9272095576430993,13.0,-0.022770606829323414,1163.0,1049.0,991.6375,1.1728076035849793,1.0578462391751018,0.8607835855504313,0.6428571428571429,3.5534906934521397,24,233,70.31017667206643
15,Kansas,B12,20-7,121.46489887111437,37,95.55968872570114,12,0.9403946316160938,15,22.271081392692203,8.728918607307799,12.2710813926922,5.728918607307798,10-4,0.7613286297248452,0.6874680009883628,0.8299134992658646,0.7720647312545431,0.6874680009883626,0.8331623697801179,0.6030481690708023,0.6693500087312709,117.25403432633745,102.71541092071747,117.75104410865805,102.26610551641205,122.54081696197952,97.99030861898855,121.6563652200629,98.57283721788409,0.9183137566806354,13.0,0.025976178414988782,1091.0,1030.0,966.8625000000001,1.1283920929811633,1.0653014260042146,0.8445334165800054,0.7142857142857143,5.383537542640166,15,117,66.96815966425426
16,Gonzaga,WCC,27-2,121.36198516146558,38,95.5261369821491,11,0.9400738048272734,16,28.475746038588703,2.5242539614112998,16.4757460385887,1.5242539614112998,15-1,0.6104276503837034,0.6233069940822075,0.599963183628669,0.6127786200567095,0.6233069940822074,0.6051747943716276,0.7664577861149002,0.7311323747587554,113.43834946045317,107.52896021936097,113.43563114898312,107.31779751338635,119.044496268098,95.73551968927775,122.8601834417438,94.2816166588803,0.954555274176067,8.0,0.0909728135151352,1317.0,1059.0,1115.8625000000002,1.1802529433509952,0.949041660598864,0.6468676803152973,0.9375,6.484503106485563,8,19,69.33866746966935
17,Michigan St.,B10,22-5,120.06564788493802,47,94.53633375698442,8,0.939863957161593,17,23.844624249940697,7.155375750059305,13.844624249940697,6.155375750059305,12-4,0.7120244454785863,0.5660564197118837,0.8123774631931947,0.728467380294333,0.5660564197118837,0.8177934086146804,0.6374186771288679,0.7793262766539182,117.63389584452945,105.63030357879698,118.55029488667171,104.89977422869089,119.89368728766851,93.3067323089769,119.72841757679642,91.99646068094303,0.9539099720242529,14.0,0.05518019790981632,1215.0,1053.0,1058.45,1.1479049553592517,0.9948509613113514,0.8394571903006232,0.75,5.864661578526223,11,64,65.55481266179991
18,Virginia,ACC,24-3,122.44608326258799,29,96.74010175670304,18,0.937607827354569,18,26.672576712069958,4.327423287930044,14.672576712069958,3.327423287930044,12-2,0.6221055127845062,0.45864832047592,0.7738871913567648,0.6495750929779845,0.45864832047592,0.7874666508961422,0.7247438506503656,0.8432206834216399,113.65770431047635,107.84051535824126,114.53050808896748,107.00300587751234,120.732052707648,94.18032101709096,121.99464733467772,94.0113931232124,0.952413659351903,9.0,0.07625155430096064,1099.0,972.0,966.725,1.1368279500374978,1.0054565672761127,0.8349947592839636,0.8571428571428571,5.773527950048163,13,35,65.43637676075676
19,St. John's,BE,22-5,120.65547872898102,41,96.2397508297243,17,0.9308688043701423,19,24.58839739220257,6.41160260779743,17.58839739220257,2.41160260779743,15-1,0.6971645864228285,0.6136771465924309,0.7545622013062269,0.7146032906929288,0.6136771465924309,0.7701126699482027,0.7055757388802572,0.7536314553147562,115.22942897740016,105.56380078104142,115.43805239161995,104.7667327110291,120.47734125158317,95.16062624061958,121.65838887741704,98.02083792596156,0.9230427010003798,8.0,0.02784412124802338,1314.0,1130.0,1137.2749999999999,1.1553933745136402,0.993603130289508,0.8323145445161059,0.9375,4.580459971638559,18,115,69.92035341327295
20,Alabama,SEC,20-7,129.64666297888434,3,103.53598068858929,69,0.929973098461478,20,22.508011729028937,8.491988270971067,12.508011729028933,5.491988270971067,10-4,0.7727902273455756,0.6958897467445754,0.8441978164750757,0.7817370655316603,0.6958897467445752,0.8437379068778883,0.5994346333670535,0.6422951272318045,119.57226963940712,104.15689134905833,119.80476531714868,103.98271911534881,126.83904057202565,103.33762399566572,129.4126947568693,105.19197848114578,0.9155235662505544,16.0,0.06853209939490845,1272.0,1204.0,1057.3,1.203064409344557,1.1387496453229926,0.8421282232877324,0.7142857142857143,5.840164421680509,12,45,73.19584524685936
21,Arkansas,SEC,20-7,128.7521725757155,5,103.01799037400961,60,0.9285307648832412,21,22.296885332051534,8.703114667948464,12.296885332051538,5.703114667948462,10-4,0.709973950289053,0.5800733825118937,0.8305959060821297,0.732247153263235,0.5800733825118937,0.8421504321392042,0.6313280425618969,0.701816230603334,117.79903439969411,105.56947655704224,118.56271932443856,105.08067625130391,128.99654874735094,103.01109060269653,127.0509333888633,100.70891409207978,0.9353581821409451,14.0,0.033545653950864174,1251.0,1142.0,1013.9624999999999,1.2337734383668038,1.1262743937768904,0.8825912733389643,0.7142857142857143,4.44134915992753,21,107,70.42610769065465
22,Saint Louis,A10,25-2,122.32274107379772,31,99.74258229890606,30,0.9126801935891948,22,28.40489529267153,2.5951047073284674,16.404895292671533,1.5951047073284674,13-1,0.4885280920988677,0.3882647053371638,0.5816298083775927,0.4951015582442864,0.3882647053371639,0.5722615075660971,0.8588026567324345,0.8935862714485086,108.6922600210777,108.39582980360593,108.80199899226723,108.38772384997844,122.4391622971154,98.82918793331083,101.71596889168953,80.73082967486299,0.9344554241912664,2.0,0.04875756864961378,1205.0,973.0,1001.075,1.2037060160327646,0.9719551482156681,0.5394724547258625,0.9285714285714286,3.1259063341242337,27,74,71.7515428518083
23,N.C. State,ACC,19-8,123.57463262184028,23,101.16273450857531,38,0.9089863500689629,23,21.15385271201234,9.84614728798766,12.15385271201234,5.846147287987662,10-4,0.686767864031306,0.581998859559517,0.7840533681836813,0.7071715673586619,0.581998859559517,0.7975740785469334,0.6872950839178847,0.7866213602789808,115.17217105588962,105.91400464081855,115.73310923927245,105.12821303163005,123.88147722246465,101.11599289434834,126.02421563019838,102.92715038338969,0.9111861885612896,11.0,-0.025239648828057515,1143.0,1054.0,979.0624999999999,1.167443345036706,1.0765400574529207,0.8448965648183158,0.7142857142857143,1.8864322023111633,36,238,68.97180019164212
24,Utah St.,MWC,23-4,124.55728876881088,19,102.18869032145403,46,0.9069005601936504,24,25.801924047229935,5.198075952770067,15.801924047229933,4.1980759527700675,13-3,0.6053313571324757,0.518198961628645,0.665234879041359,0.6283617397097709,0.518198961628645,0.68895126765439,0.7844494368264413,0.8520835572026051,112.78518862479187,107.08070803528943,112.94278413065923,106.31986454647867,125.3029754350079,101.13641284628845,118.53887402627822,98.80831235997154,0.8902874932289854,7.0,0.041979368296537034,1325.0,1113.0,1076.6000000000001,1.2307263607653722,1.0338101430429127,0.783816822106514,0.8125,3.2959340004377427,26,88,67.64871355636092
25,BYU,B12,20-7,126.1483968943432,10,103.62862539164819,70,0.9056312076202723,25,22.327009146880002,8.672990853119998,10.327009146880004,7.672990853119998,8-6,0.716960941003714,0.5965359153764502,0.828784179086173,0.7348463772585825,0.5965359153764502,0.8347372663956777,0.6344246048634452,0.7537103151363074,116.0985231192389,103.58437814507013,116.21931433797057,103.04116474007145,125.95138028204133,105.02680571869799,125.89331847189642,100.55724178221801,0.9298337867121593,12.0,0.08626933329711561,1173.0,1141.0,1004.1875,1.1681085454658617,1.1362419866807743,0.8555730719789445,0.5714285714285714,4.608083689339011,17,23,69.55940742341289
26,Iowa,B10,19-8,122.68482097050679,28,100.91144441255724,35,0.904375522799409,26,20.957369944514838,10.04263005548516,10.95736994451484,9.042630055485162,9-7,0.6495043978254202,0.4048937441850228,0.8176742222031933,0.6764330442962485,0.4048937441850228,0.8257796593574227,0.6529714892111973,0.8511258815843448,114.57327837894881,105.90599672077494,115.51635737205152,105.15905816940364,120.54798101817926,101.64822110464691,120.11308455513813,99.32583632698471,0.8989236024825544,11.0,0.01816160128960409,1131.0,1112.0,1006.1249999999999,1.1241147968691765,1.1052304634116041,0.8582014079743396,0.5625,2.4633433247829717,31,134,63.033730711508156
27,Wisconsin,B10,19-8,125.42499087690567,15,103.20930757769784,64,0.9039505832816049,27,21.27711923684455,9.722880763155455,13.277119236844547,6.722880763155455,11-5,0.6943691210007208,0.4863134920259227,0.8374073659208945,0.705868073548106,0.48631349202592256,0.8266230933853069,0.6507868409467887,0.8326062617689363,116.24844762849892,104.68461101300483,116.64109322528618,104.44582503700606,127.95749233202042,103.22315197588074,125.01373000005941,103.74799574981859,0.8951326216887628,13.0,0.03302079832978411,1305.0,1259.0,1104.25,1.1817976001811183,1.1401403667647725,0.7834860032429576,0.6875,2.999564434985597,28,108,68.99543318128845
28,North Carolina,ACC,21-6,122.29576784469185,32,101.02605246894214,37,0.900001036909196,28,23.094721341828826,7.905278658171174,11.094721341828826,6.905278658171174,9-5,0.6640471535370502,0.5309116917195957,0.7876729395104008,0.6917895567295673,0.5309116917195957,0.8079791259034358,0.6778005633176557,0.7940069849711371,114.57915372610611,105.65483179889041,115.33842275890143,104.72870712443604,123.47131899826839,103.53024949990031,119.44482411798853,102.36428585991206,0.8550339503662064,11.0,0.07717485161445148,1122.0,1081.0,965.6375,1.161926706450402,1.1194677091558685,0.879050778279058,0.6428571428571429,3.979867930227867,22,34,67.68260950610586
29,Santa Clara,WCC,23-6,123.68185731836164,21,102.4803710801101,53,0.8968287978287274,29,24.30454843687864,6.69545156312136,15.304548436878642,2.695451563121359,14-2,0.5834079927909562,0.5533527335750559,0.6078278909038756,0.5885161936444833,0.5533527335750559,0.6139120259168477,0.7850316935466162,0.8016714737206778,111.89491453017887,106.66127365834238,112.0603726931966,106.5263242155524,125.6765503096465,102.05890170277002,121.74268449296983,100.08696198393709,0.904866635795256,6.0,0.003828267220359227,1409.0,1172.0,1147.0750000000003,1.2283416515920926,1.0217291807423226,0.6625851060206245,0.875,1.8615726982305731,37,170,69.91098569043886
30,Indiana,B10,17-10,123.50422752526745,24,102.39109632908665,52,0.8962253081418279,30,19.47902747016225,11.52097252983775,10.479027470162253,9.52097252983775,8-8,0.6713657311617994,0.4353386506129809,0.8336343490391126,0.6917452545338677,0.4353386506129809,0.8327688866903558,0.6508581456074485,0.8434001885793546,116.07234633987254,105.20520968348117,116.33557430400816,104.73896803120044,124.95487356297244,104.41160045310295,116.73255118137669,103.65201447586588,0.7968514520570698,13.0,-0.01874119914556671,1229.0,1234.0,1067.8375,1.1509241808795814,1.1556065412574479,0.8293070372953284,0.5,1.1131845403002756,45,223,66.32429906751221
31,Saint Mary's,WCC,25-4,119.41593679855865,52,99.12169280458778,28,0.8949226017754566,31,26.137321943398124,4.862678056601874,15.137321943398126,2.862678056601874,14-2,0.5648035038656684,0.5533238345942223,0.5741307351487184,0.5859949056152199,0.5533238345942223,0.6095906791303851,0.7925295127803897,0.8243966774175215,111.08631484410738,106.7230035391696,111.74250293874006,106.29415639213903,120.44022534722066,99.42289068994013,103.4764525141198,97.2358920774087,0.6715817875031901,3.0,0.061653717881159364,1247.0,1028.0,1048.8875,1.1888786929008115,0.9800860435461382,0.8932702309837179,0.875,3.3242302773067616,25,52,65.41827462920732
32,Villanova,BE,21-6,121.55685563229078,35,100.99363339508383,36,0.8939020185904283,32,23.62080458926665,7.379195410733351,14.620804589266651,5.379195410733351,12-4,0.6897508057387632,0.5632970071479383,0.7766877922699552,0.6991664807912608,0.5632970071479383,0.7738946912950881,0.7048332784249882,0.7708852933789239,115.25159276962674,105.2073649767827,115.33488125882162,104.91788038354466,120.46757786779104,99.67796922139323,116.11257396628373,96.27002833904955,0.8961477606224497,9.0,0.07745759052394985,1219.0,1143.0,1076.9375,1.1319134118739482,1.0613429284429226,0.7627222873956202,0.75,3.8223518608099285,23,32,63.95564091474357
33,SMU,ACC,19-8,126.91134223988959,7,105.86622075366772,103,0.8894459300428653,33,21.389838397604226,9.610161602395772,10.389838397604228,7.610161602395774,8-6,0.6847277720200045,0.5466835386525201,0.8129117030040971,0.7024704150838553,0.5466835386525201,0.8149831591731531,0.691547796361423,0.8119099850084786,115.28886416471886,105.01448589506397,115.57858798374153,104.73723256158716,128.78481014967923,106.22261583013496,126.28042651063646,102.91200887693077,0.9131924509330542,11.0,0.019030882840254004,1160.0,1100.0,966.725,1.1999275905764306,1.1378623703742015,0.8222332557648494,0.5714285714285714,1.9814309091442188,34,132,68.95623179822181
34,Texas A&M,SEC,19-8,122.20536533640923,33,101.97994087418007,45,0.8890090141172929,34,21.18814618603866,9.811853813961335,11.188146186038665,6.811853813961335,9-5,0.6246951224861879,0.4089343811390751,0.8250443823085066,0.6547643866543073,0.4089343811390752,0.832308279526419,0.6932229362938752,0.8689899932235805,114.9871022125002,108.16930007393013,116.12185327931023,107.75201344059768,122.31445685629804,100.41680716770313,119.57117619860338,98.11314331122722,0.9067506541878397,9.0,0.008889705525734759,1149.0,1109.0,994.3375000000001,1.155543263730876,1.1153154738707933,0.8577319197891122,0.6428571428571429,1.5687764766980832,40,155,70.87749957523245
35,Clemson,ACC,20-8,115.98342601837196,78,96.88198365477433,19,0.8879000070022749,35,21.73836925527528,9.261630744724721,11.738369255275279,6.26163074472472,10-5,0.6472733272480217,0.5191106752197058,0.758347625672562,0.6575306511986914,0.5191106752197058,0.7575006338501808,0.7114179289245154,0.772092778434405,113.80202672033967,106.64605259770302,114.19429981005072,106.28387713031358,114.45295609898145,95.45437210293564,116.79011955622282,94.57965605077548,0.9187710195920039,11.0,0.011160366129213117,1051.0,981.0,967.9624999999999,1.0857858646383514,1.0134690135206685,0.7532656747382745,0.6666666666666666,1.8330485702867487,39,147,63.93727503058524
36,Ohio St.,B10,17-10,123.67194700561046,22,103.31719312640251,65,0.8877567821201574,36,19.056416380555046,11.943583619444954,11.056416380555046,8.943583619444954,9-7,0.6891108617266072,0.49160526319828324,0.8248959607148301,0.7094849739910514,0.49160526319828324,0.8293188149270738,0.6495094365373856,0.8225591291798661,115.48716579899099,104.35097753408952,116.47456035016675,104.25142843759643,125.32084878899725,103.4543497807614,123.53322264363743,101.51796323450732,0.9052659468774161,12.0,-0.01568655950100617,1235.0,1211.0,1067.1625,1.1572745481592541,1.1347850022840946,0.8470102317760488,0.5625,0.9951103670160699,46,215,66.44834901064758
37,Auburn,SEC,15-12,125.8179358972508,12,105.82078699368908,100,0.8797984303302271,37,17.37560774248133,13.624392257518668,8.375607742481332,9.624392257518668,6-8,0.7487142877988525,0.6254063970057486,0.8632144721067344,0.7541782138610059,0.6254063970057488,0.8471800815898023,0.5903587651814786,0.6403454442254081,119.33943397579779,103.87540237824454,119.62234461926035,104.17798413035791,125.55413280045752,105.53377372147747,125.41265470848285,105.46155185238717,0.8800100692502939,17.0,0.004523408266504325,1142.0,1143.0,972.7874999999999,1.173946005679555,1.174973979414826,0.79105971478054,0.42857142857142855,1.2111769294831545,43,168,67.16227641740856
38,Cincinnati,B12,15-12,111.66635645075283,134,94.20693099378464,7,0.8760179355134948,38,17.100210016772326,13.899789983227677,9.100210016772323,8.899789983227675,7-7,0.6550554586407382,0.4702284522264232,0.8266805360254591,0.677598974996593,0.47022845222642307,0.8273665747750489,0.6728809528721801,0.8302129006825725,114.07184724397968,104.57773069227916,114.84456440551975,104.27850512465128,115.31121898592596,93.68260258687103,111.40536801982861,96.53268741662235,0.8386041951565161,11.0,-0.09802273739645995,978.0,958.0,928.2375,1.0536096634751344,1.0320634535881172,0.8297677103986134,0.5,-1.7979185074149315,70,354,67.9229264032736
39,Kentucky,SEC,17-10,120.14672627817623,46,101.65949409790883,41,0.8723028207820542,39,18.64800048411617,12.351999515883831,9.648000484116169,8.351999515883831,8-6,0.6963421074285377,0.5271130778050842,0.8534833492217447,0.7208824127340746,0.5271130778050842,0.860826932405012,0.605641938619403,0.7317114264998612,117.64740629405509,105.92176789875906,118.13113651973266,105.08406530161253,120.02514733668798,102.08551175498253,116.87260249568203,101.80890770124579,0.8301723209965147,16.0,0.04609037103158431,1089.0,1084.0,959.0125,1.1355430716492225,1.1303293752688313,0.8865294735464477,0.5714285714285714,1.9810044036086407,35,78,67.68953947166105
40,UCLA,B10,18-9,120.97508176932854,40,102.79598504584112,57,0.8667634938028798,40,20.067794085404426,10.932205914595576,12.067794085404424,7.932205914595575,10-6,0.671621502963672,0.47519963476259086,0.8066615373519153,0.6939373684788069,0.47519963476259086,0.8142431220227259,0.6542670941963848,0.8070086524389416,116.29937725408436,105.48029138121768,116.19499710894674,104.63440301553253,120.9962762612005,102.87124595991956,120.62115262082285,106.00824736901367,0.815339309893372,11.0,0.04912951320218628,1196.0,1185.0,1050.95,1.138017983729007,1.1275512631428708,0.8445694607059687,0.625,1.8431663505068299,38,73,64.98025113784333
41,Georgia,SEC,19-8,123.06290882651672,25,104.68790738915901,79,0.8652606649215377,41,21.04865271576012,9.95134728423988,9.04865271576012,8.951347284239882,7-7,0.6369694063664267,0.39767538036748024,0.859171001936877,0.6601883148372026,0.39767538036748024,0.849780989732002,0.6849839515979551,0.866665783721537,115.03081880584456,107.34281938915265,115.73226031961423,106.77758303641305,123.24495319830474,105.83986597123628,124.92938251938887,103.17956546170984,0.9002221054030909,15.0,0.055353043342716624,1148.0,1181.0,1001.0374999999999,1.1468101844336502,1.1797759824182412,0.8169159470149399,0.5,2.010152609764461,33,63,72.26866400102813
42,Texas,SEC,17-10,126.85395598285706,8,107.9547950973991,140,0.8647393889285052,42,18.52509774270008,12.47490225729992,9.52509774270008,8.474902257299922,8-6,0.6301238195600526,0.41715528919474737,0.8278803120421218,0.6637042199728396,0.41715528919474737,0.8417673366459061,0.6437790003329639,0.7709825341529369,115.30389377310831,106.51303451912727,116.57554359380931,105.86693303319363,128.0123369933669,108.02929498581307,126.91775551102874,106.84330847251333,0.8786836321199827,14.0,0.0061542988541952726,1155.0,1108.0,941.7749999999999,1.2264075814286854,1.1765018183748774,0.8903719227591509,0.5714285714285714,0.6166980024322666,48,163,66.61974124283226
43,San Diego St.,MWC,18-8,111.8809465882726,127,95.32185736876633,9,0.8631881664571488,43,20.284432503931516,9.715567496068482,14.284432503931518,5.7155674960684815,12-4,0.6040191793250954,0.5415751724635354,0.6430466836135706,0.6280462336793615,0.5415751724635354,0.6712817642872748,0.7474483421480029,0.7522176078338518,113.63105500884622,106.76084980047771,114.36456486120336,106.5137127153131,110.77887786382479,92.64553287794999,102.83386777731137,92.89618546254015,0.762922602266969,5.0,-0.022679739557821432,1231.0,1081.0,1128.5749999999998,1.0907560419112599,0.9578450701105378,0.7842220869820913,0.75,-0.20015624552554878,58,232,68.59477902870388
44,Miami FL,ACC,21-6,120.37522261544585,44,102.56597560245551,54,0.8630948013895409,44,23.1248012024482,7.875198797551801,12.124801202448198,5.875198797551801,10-4,0.5872434060597228,0.4049577237453432,0.756508682494504,0.6129011006311599,0.4049577237453432,0.7630824283820276,0.7321323036027737,0.8382414617344326,112.07156469919015,107.52376182942689,112.90126496524577,106.93671834134008,120.35374450014241,103.21062848857161,119.05378422048005,99.66708713825051,0.8853407934854312,8.0,0.07433582052702037,1076.0,1024.0,945.6374999999999,1.137856736857411,1.0828673778271274,0.7860905389883601,0.7142857142857143,2.393682420953259,32,39,68.31310686089907
45,New Mexico,MWC,21-6,117.7145037321354,61,101.31118294781456,39,0.848868309748098,45,23.148024266181906,7.851975733818095,14.148024266181904,5.851975733818095,12-4,0.5626065688985713,0.47573719712228413,0.6223292619947685,0.5937097630858478,0.47573719712228413,0.6585946743658075,0.7723256129171178,0.8164996872903465,111.19940323846565,107.07073948709618,112.16189467101427,106.59510647045165,118.13558519286357,99.46659557980496,111.62200327753551,94.96943064613187,0.8650608665020165,7.0,0.05086700948179812,1302.0,1119.0,1119.5375,1.162980248540134,0.9995198910264284,0.8036563238499643,0.75,1.3184295852340182,41,69,69.55170623718377
46,Washington,B10,13-14,117.44902671735805,66,101.7450292935089,43,0.8389783688402469,46,15.46275001097288,15.53724998902712,7.462750010972879,12.53724998902712,5-11,0.7099714952728925,0.5232777111760498,0.838323471839472,0.7151560752788263,0.5232777111760498,0.8206891755353535,0.6691367712968935,0.8402021501503367,117.03671803022344,105.12911396291364,116.8871383785178,105.0693644176193,119.58650549591539,103.46561532687771,121.19377191262608,105.97130798799118,0.8239811460225268,13.0,-0.08865574222328981,1149.0,1180.0,1038.8125,1.1060706335358883,1.135912399975934,0.7501519903188798,0.3125,-2.797668209001439,84,347,66.36086388902098
47,Missouri,SEC,18-9,120.40627859365969,43,104.76127226508962,82,0.8321101095071505,47,19.682149551683395,11.317850448316603,9.682149551683397,8.317850448316605,8-6,0.6364442844543028,0.4102392067208641,0.8464918566353532,0.6657338345043488,0.4102392067208641,0.8502577323479767,0.6714492751572059,0.8187457685320024,115.28560172862159,107.3281481968925,116.15328464143492,106.79782725054113,120.4709608455181,102.65127822593857,118.4534016983655,104.44917111844752,0.8095239058774347,12.0,0.06826210175533176,1079.0,1103.0,957.6374999999998,1.1267311482685256,1.1517928234848784,0.8634382973421588,0.5714285714285714,1.279931277109053,42,46,66.2531657434804
48,VCU,A10,21-7,119.82937523591073,48,105.35476599952803,93,0.8146417502657229,48,23.23523576318259,7.76476423681741,14.23523576318259,3.7647642368174097,12-3,0.5540370716893909,0.4916224414431666,0.6081297512361187,0.555327874129347,0.4916224414431666,0.6013373532915884,0.7952442960342482,0.7813979680703156,110.87850424753022,108.40824159493468,110.62653248369209,108.11183546042665,119.62940073149043,105.25802427571759,106.67937744495921,96.01714320461333,0.7704692609880629,5.0,0.05919901529538929,1209.0,1109.0,1041.75,1.1605471562275018,1.064554835613151,0.5673753635689374,0.8,0.594973686539752,49,59,69.2760916216433
49,Minnesota,B10,13-14,115.30823912315897,84,101.39848333064617,40,0.8143207511037502,49,14.512934090046254,16.487065909953746,7.5129340900462545,12.487065909953746,6-10,0.6476772243203137,0.3977907241957974,0.8194741931559186,0.6754834446204799,0.3977907241957974,0.8282144408540552,0.6645877576512199,0.8613041532465502,115.39563448712242,107.20341246301734,116.31660044605243,106.32149605287876,116.7555802173174,101.17805154913387,116.8945079369581,102.32146648166206,0.8221895056417227,13.0,-0.09694483595177411,1100.0,1135.0,1016.2374999999998,1.0824241380582789,1.1168649060874059,0.8631754316466016,0.375,-3.717089635891209,94,353,62.76151634024136
50,UCF,B12,19-7,121.52627146091149,36,106.89403261973646,118,0.8138712305231802,50,21.03393158359835,8.96606841640165,10.03393158359835,7.966068416401652,8-6,0.669693541271029,0.4745474008156758,0.8369616616613316,0.6854292703253109,0.4745474008156758,0.8260171833317339,0.6893078237903111,0.8496803245743116,113.97426195902652,104.56937339833597,114.46667579215801,104.44519573233546,120.33892769690046,105.22683919743902,123.63725808867018,108.0703809454368,0.8245590698436939,9.0,0.14754884970153703,1057.0,1107.0,973.8875,1.0853409659739959,1.1366815982338823,0.7877115091781423,0.5714285714285714,2.737636349632374,30,4,68.69967960406886
51,Virginia Tech,ACC,18-10,116.99124606341347,68,103.12396132549952,63,0.8101406597857359,51,19.200563254576952,11.799436745423048,8.200563254576952,9.799436745423048,7-8,0.6567891786942834,0.4872406024830278,0.8037312780773718,0.6694605535987507,0.4872406024830278,0.8010638516267731,0.6942042499830464,0.8514637032748008,114.85251762366343,106.75825858376483,115.07953189522172,106.08362244037414,117.42156915319957,101.77326379853702,112.8425420439455,99.89484573046016,0.8024323068144378,11.0,0.04611230796969623,1126.0,1129.0,1031.5749999999998,1.0915347890361828,1.0944429634297073,0.787726719373779,0.4666666666666667,-0.010210432046717566,55,77,66.82106787695928
52,Grand Canyon,MWC,17-10,110.65219407281037,151,97.93262842938448,21,0.8028636625755065,52,19.77751689948647,11.222483100513529,12.777516899486471,7.222483100513527,10-6,0.5844616159472712,0.4433701889822204,0.6814619719857437,0.5788854759060725,0.4433701889822204,0.6534188837141912,0.7789678208136894,0.837521322580738,112.10286356276494,107.98835907029212,111.99355010691886,107.99093492101443,110.67080232129574,95.98902364655004,106.46029803921235,91.12139257214501,0.856824816427286,8.0,-0.02931961874908484,1180.0,1097.0,1101.125,1.071631286184584,0.9962538313088887,0.5412465306279818,0.625,-2.220664780389838,73,246,67.68284858572123
53,Baylor,B12,14-13,120.14835758506923,45,106.36209986765675,108,0.8024371553915604,53,15.327607709948696,15.672392290051304,5.327607709948699,12.672392290051304,4-10,0.6822781563102078,0.5079510375101315,0.8441533380531357,0.7046137644467833,0.5079510375101317,0.8466479561232535,0.643150624186383,0.7997562600549749,114.76314394557632,103.46250008408002,115.80905597877563,102.99279239691928,115.8132160548191,103.81749918633413,117.29965553021749,105.82593126283382,0.7656243859326215,12.0,-0.02123621541797549,1013.0,1080.0,955.8499999999999,1.0597897159596172,1.1298843960872522,0.8553791193686655,0.2857142857142857,-2.083339372534666,72,228,68.00994612355389
54,USC,B10,18-9,113.59903717728537,103,100.6183415305602,32,0.8014553714130914,54,19.378633814924783,11.621366185075217,8.378633814924783,11.621366185075217,7-9,0.6630845824870464,0.4560672394231871,0.80540900584345,0.6913930991504879,0.4560672394231871,0.8208223220005035,0.6720593590052447,0.8758121010005581,116.23800791094291,105.68272332738555,116.70235457394789,104.93822535322474,111.72658695961931,99.72958509219912,110.49586216232339,97.03138732116761,0.8167304389553762,9.0,0.09684403520873885,1163.0,1250.0,1128.75,1.030343300110742,1.1074197120708749,0.8824755866287166,0.4375,1.1458806408240318,44,14,70.59532509101648
55,South Florida,Amer,19-8,118.49711405742023,58,105.42648066385698,94,0.7931567754016611,55,22.07119975185086,8.928800248149143,14.071199751850857,3.928800248149143,11-3,0.5504430637500429,0.5228437642939835,0.5760709846735266,0.5433849536499914,0.5228437642939835,0.558220257073775,0.8244834712037611,0.8012730792227997,111.05751363714242,108.09643207830487,110.89020400927285,108.3489579879975,118.05967857783001,104.70052934611608,116.81496721409137,93.6215065598127,0.9272576282562632,4.0,0.012736156195919057,1211.0,1087.0,1038.1,1.1665542818610926,1.047105288507851,0.49574271047464447,0.7857142857142857,-1.3515869914291763,65,144,71.16753163858216
56,Oklahoma,SEC,13-14,122.9274891141915,27,109.45262576980302,176,0.791696630288332,56,14.690234437156949,16.30976556284305,4.69023443715695,13.309765562843051,3-11,0.6560626451577101,0.43363159037725946,0.8626057674538429,0.6794925556310695,0.43363159037725946,0.8570588083143771,0.657471186457743,0.7992735014179414,114.84953648667606,106.64330814540055,115.91528741818637,106.61172941691922,122.55637864065794,108.23162165425653,126.97569563563691,108.67112548737946,0.8569518038541836,14.0,-0.04526642364448202,1087.0,1166.0,962.4375,1.1294239885706865,1.2115072407299174,0.8376444513262464,0.21428571428571427,-2.93457667443246,89,279,66.1917461721572
57,California,ACC,19-8,116.02713607129135,77,103.3984382347858,66,0.7900445103396218,57,21.316696955117397,9.6833030448826,9.3166969551174,8.6833030448826,7-7,0.5931817224412791,0.3749641586580633,0.7958123173828364,0.6071137870031283,0.37496415865806343,0.7747774074745641,0.7556347693481812,0.9078779486103471,112.88934427427616,106.8536708852802,113.29105857257217,106.80409073441834,116.17000799716713,104.07367302751281,113.88776525754983,103.12678049487099,0.757941154427238,10.0,0.0755489145113144,1045.0,1096.0,977.1375,1.0694503076588504,1.1216435762622967,0.7011552227956106,0.5,0.342354931285079,51,37,67.25127116207392
58,TCU,B12,17-10,113.14618057557342,108,100.90018749663217,34,0.788734070884862,58,18.747430978157738,12.252569021842257,8.747430978157741,9.252569021842259,7-7,0.6292441039679685,0.4243034613071958,0.8195461292958287,0.6532566239482923,0.42430346130719604,0.8186116858557504,0.6776678823536771,0.8053647922122702,114.10842338225353,106.22668902166826,114.51653556160038,105.5613948108438,113.31896995822235,101.2914426711491,115.04223480146982,92.88335776511838,0.9213245039217526,10.0,0.0672536616980095,1059.0,1097.0,993.6749999999998,1.0657408106272173,1.1039826905175234,0.8153411338154767,0.5,0.1843352259578417,52,49,67.39133005209942
59,Boise St.,MWC,16-11,117.95095094874702,60,105.26609995566429,90,0.7872520853663156,59,19.298821606985133,11.70117839301487,10.29882160698513,9.70117839301487,8-8,0.6411821716125935,0.5732752793734922,0.6878681600269756,0.6512919639600128,0.5732752793734922,0.6942011404825991,0.7503318244796369,0.795284943091782,114.57499571995206,105.51344395338111,114.47128080663073,105.38417069638777,118.02329018806924,108.17329640179767,117.93794851459855,110.3781036310715,0.6817528150811183,9.0,-0.00804808105133703,1265.0,1244.0,1101.35,1.1485903663685477,1.1295228583102557,0.7195330623050931,0.5,-2.2358908292461366,74,200,65.63001636907063
60,Arizona St.,B12,14-13,117.60013977280047,63,105.30392139282111,92,0.7807521631479463,60,15.461135824852539,15.538864175147461,6.461135824852539,11.538864175147461,5-9,0.7192926487506734,0.6113728261793572,0.8195039125668958,0.7343589138060281,0.6113728261793572,0.8231821993141795,0.6421843081428955,0.7564353008124302,116.79804114602804,104.56428372236289,117.06041363990988,103.97329475112547,117.75618805700705,104.78632036715723,118.89278705827304,104.16969750666864,0.8205841119405819,12.0,0.0196979728320254,1068.0,1141.0,990.0374999999999,1.078747017158441,1.1524815979192709,0.836056202929672,0.35714285714285715,-1.6760364203593192,68,131,68.86517122322196
61,LSU,SEC,14-13,119.35840840110205,53,107.11578845842243,126,0.7763523754027688,61,15.693315538021498,15.306684461978502,3.6933155380214973,14.306684461978502,2-12,0.6521423079785336,0.4359473136135224,0.8528948027460437,0.6738464863184602,0.4359473136135224,0.8456625554942487,0.6811454486788723,0.8579655285166257,115.41894798333053,106.05840931069481,116.16572450431353,105.98814128018071,115.48247912872272,107.57021673117963,116.14056631612681,104.10777623369609,0.7786484470229172,12.0,-0.030792590302410328,1029.0,1138.0,953.2249999999999,1.079493299063705,1.193841957565108,0.8203496901129661,0.14285714285714285,-2.8065422736491943,85,250,66.23423564667249
62,Seton Hall,BE,19-9,106.71921846811914,230,95.78151963263576,14,0.7761747770363647,62,19.843090740331967,11.156909259668032,9.843090740331968,10.156909259668032,9-8,0.6413762606896495,0.4440303424407444,0.7690706783801177,0.6645006247787042,0.4440303424407444,0.7857592800645825,0.7253380819083398,0.8634834496259839,113.90004921996447,106.99373651649746,114.55290313198097,106.23157998443055,103.26766187148841,95.1781123697373,105.96978008206905,90.68046874514677,0.8571524236745715,7.0,0.08401154823177048,1130.0,1128.0,1127.4875,1.00222840607989,1.000454550493908,0.8803280229432162,0.5294117647058824,-0.04781394369510816,56,28,65.25977427554503
63,West Virginia,B12,16-11,109.34227478739749,166,98.14435612640617,23,0.7759992817743437,63,17.89959023984718,13.100409760152823,8.899590239847178,9.100409760152823,7-7,0.6201224139147747,0.3902005661197906,0.8336212725815461,0.6416438990516689,0.3902005661197906,0.8232418617246922,0.7023101628627145,0.8728097620334349,112.63272395332818,106.00869773824309,113.46045686533525,105.99204714791311,107.46804407485286,98.03598954519384,111.93243564478911,98.52372364232086,0.8126584941615006,12.0,0.023518804607269517,873.0,933.0,880.3375,0.9916651284308575,1.0598208073608133,0.7869139237257035,0.5,-1.275667252471089,63,120,62.40301427857724
64,Wake Forest,ACC,14-13,117.65522729072563,62,105.62530469881443,98,0.7756330421717724,64,15.99162232132079,15.00837767867921,6.991622321320792,11.00837767867921,5-9,0.6800520757335288,0.5226126657180867,0.8262458136050107,0.6901048296262207,0.5226126657180867,0.8110713924487618,0.6831143622531772,0.7804069046741773,115.9241286998724,105.52227168035482,115.79502273741159,105.06305351490825,118.24684001056957,106.8940501567261,117.70332333476397,106.71654854050153,0.7552657239055423,13.0,-0.012488399754105872,1049.0,1118.0,959.5000000000001,1.0932777488275143,1.1651902032308492,0.7579609184018907,0.35714285714285715,-2.545565907902789,79,208,68.29721572287734
65,Northwestern,B10,11-16,116.36853440070894,74,104.55213049176731,77,0.7740597147902208,65,12.406014937010706,18.59398506298929,4.406014937010706,15.593985062989294,3-13,0.6978117493344085,0.4923113274813213,0.839093289358406,0.715897380639119,0.49231132748132145,0.8388697098759079,0.6301443471748325,0.8366863790669077,116.55440489597346,104.7871702336897,117.0887306670529,104.41799545453415,114.76093960180637,105.46556347278731,114.56292084969311,103.32036353023626,0.7663530399459817,12.0,-0.0871660588206461,1110.0,1241.0,1059.4624999999999,1.0477010748374767,1.1713486791651428,0.8379753919459154,0.1875,-4.47639283397981,105,345,65.83849098877938
66,Providence,BE,12-15,123.04364500693552,26,110.56809740968797,198,0.7737199552246652,66,14.245453199028438,16.75454680097156,7.245453199028439,12.754546800971562,5-11,0.680193735626676,0.5008713309948857,0.8034778888110318,0.684828024564251,0.5008713309948857,0.7860042060274021,0.7001183161484763,0.7929028850311289,113.70064127557005,104.25386067875506,113.87734947163435,104.46529851289849,123.35273524179445,109.9747399389208,123.34559954739036,109.39505128208732,0.7990362724479242,10.0,-0.08609040313862937,1354.0,1385.0,1186.5249999999999,1.1411474684477783,1.1672741830134217,0.7161094748928833,0.3125,-4.668327475908774,111,343,71.47253422479297
67,Tulsa,Amer,22-6,122.16327742619166,34,109.81332780807509,181,0.7730529350469313,67,24.33863300132965,6.661366998670351,12.338633001329649,5.661366998670351,10-5,0.47774821169916615,0.3889518874039142,0.5547050260883846,0.4752159818437198,0.3889518874039142,0.5375178278280239,0.8758000869060368,0.9088820803324786,109.36363556444073,109.01395860834455,109.22090825693658,109.1006694611469,121.6692689838536,108.95128782165462,112.12679102335404,108.47343822063146,0.5940990849181453,1.0,0.03773638576833205,1243.0,1113.0,1027.1625,1.2101298480036022,1.0835675951955022,0.45158183652622136,0.6666666666666666,-0.9943687147727569,62,98,67.90428708245379
68,Belmont,MVC,25-4,120.44903504777169,42,108.29692316337152,153,0.7725954035753329,68,26.437742657128094,4.562257342871906,16.437742657128094,3.5622573428719058,15-3,0.46930071697174225,0.3445946997107718,0.5455099497423354,0.4680552905845998,0.3445946997107718,0.5359586155652053,0.8798663110568208,0.9189202326180376,107.79242364009814,108.82557767284015,107.62976251522504,108.78139557255015,121.98164364256769,110.75436582271979,0.0,0.0,0.0,0.0,0.10415251441870388,1493.0,1377.0,1256.3749999999998,1.1883394687095814,1.0960103472291316,0.4499966079710349,0.8333333333333334,0.8862501177537543,47,11,68.87949453500529
69,Butler,BE,15-13,118.70892871960466,57,106.73988675742635,114,0.7724532032610277,69,16.341649607362154,14.658350392637846,7.3416496073621555,12.658350392637846,6-11,0.6733257872296005,0.49641071012818405,0.787800248883458,0.6833267423376437,0.49641071012818405,0.7861305600528463,0.7066562949671329,0.8115802218160924,114.04807976380765,105.28830545730693,114.25186809769761,105.05080658727397,117.91148864636524,109.3088517145163,120.82485879108604,105.81569164808712,0.8213318569822009,9.0,-0.01349100597376629,1296.0,1401.0,1189.025,1.0899686718109374,1.1782763188326568,0.7766689900127135,0.35294117647058826,-2.8920749298830155,88,210,68.19396373480538
70,Florida St.,ACC,14-13,116.47564307838694,73,104.75769927622744,81,0.7719525556402785,70,16.10671357033487,14.893286429665132,9.106713570334868,8.893286429665132,7-7,0.6489916542178946,0.46448805082058064,0.8203164288011145,0.6601840560655071,0.46448805082058064,0.8015200598535094,0.6851046064525119,0.7717951926421213,113.93874131969227,105.53877392016419,114.27389172000179,105.55958979852393,118.60036384931213,103.35471123401,114.55170971563822,103.97921964784922,0.7528006882535234,13.0,-0.010862888555186245,1054.0,1079.0,961.6374999999998,1.096047107147964,1.1220444294237695,0.7357327685368914,0.5,-2.405638523771106,76,205,70.90337845303505
71,Nevada,MWC,18-9,117.47637549096967,65,105.8357339622014,101,0.7685272693569506,71,20.492980915108284,10.507019084891713,12.492980915108287,7.507019084891713,10-6,0.6409874734433358,0.5912927512205343,0.6751525949715121,0.6332029623047104,0.5912927512205345,0.6562535784010073,0.7739977798111807,0.8233514303175082,112.88968819619114,106.0604450413016,112.69258001373852,106.40671455458391,117.09486329520432,104.57275275207772,115.11478218292305,107.88693426872109,0.6782472647545658,8.0,0.05934135658795048,1204.0,1141.0,1060.5249999999999,1.1352867683458665,1.0758822281417224,0.5806575121189882,0.625,-0.9187811469175037,59,58,65.27592514606765
72,Syracuse,ACC,15-13,116.24630465604452,76,104.77386011814866,83,0.7676216005127248,72,16.22247879940531,14.777521200594691,7.22247879940531,10.777521200594691,6-9,0.6522148646537662,0.48654707998811075,0.7957936113640008,0.6646357202132686,0.48654707998811075,0.7932552937092159,0.6821077652225351,0.7666607326406605,113.24374340338332,104.66409489357251,113.79133251557826,104.52291641465729,116.94820378072198,105.91115655650138,111.7979648529808,102.81117525722006,0.7238603886549155,12.0,-0.009398064286339158,1147.0,1211.0,1057.0125,1.0851338087297926,1.1456818154941402,0.7805637054352906,0.4,-2.5747598116155563,80,202,67.58442245894946
73,Akron,MAC,22-5,119.18723729041878,54,107.50001127195537,134,0.7661779966315758,73,25.275399993981296,5.724600006018703,16.275399993981296,1.7246000060187026,13-1,0.38869701956484154,0.3784652858757207,0.3981979151333109,0.38524439410251615,0.3784652858757207,0.39014041671075733,0.8917169903990587,0.8667332930729738,108.96463680328696,111.83693630439859,108.63767358455524,111.97247887115746,116.57572153612733,103.45552082304296,123.36309509911217,110.03551997743301,0.7883120795229088,1.0,0.024741087218349334,1177.0,1005.0,987.0875000000001,1.1923968239897678,1.0181468208238884,0.36193917223181993,0.9285714285714286,-0.943872818762404,60,119,70.4016915928508
74,Stephen F. Austin,Slnd,25-3,113.79018540975756,101,102.66749083747115,55,0.765468587776324,74,27.59965231421093,3.400347685789073,20.59965231421093,1.4003476857890726,18-1,0.365641043352658,0.3181994126835779,0.38811339472222217,0.3605329348807103,0.3181994126835779,0.3778511939613553,0.9172227863053605,0.923683736147082,106.04626428991524,110.74659117522454,106.22881663493126,111.24171672522712,112.77302843819021,100.79881987068448,0.0,0.0,0.0,0.0,0.07906858940750272,1424.0,1228.0,1253.6000000000001,1.1359285258455647,0.9795788130185066,0.31285725580919826,0.9473684210526315,0.47396407057015244,50,30,65.81137472619059
75,Stanford,ACC,16-11,114.3151382510915,95,103.45861117923293,68,0.7590639878792294,75,17.752267534100323,13.247732465899675,6.7522675341003255,11.247732465899675,5-9,0.6698753088441852,0.528979452798043,0.8007071751727457,0.6838487050605293,0.528979452798043,0.795698720583436,0.7206462990952516,0.8629447321150968,113.33230241203955,104.43575859763047,114.10538954444762,104.51869552733486,111.58755794363323,102.60978785629666,115.90200620836733,104.39111193842875,0.7690413436291199,12.0,0.03643294882735926,963.0,1018.0,924.025,1.0421795947079353,1.1017017937826359,0.7781691295208524,0.35714285714285715,-1.7854418626624273,69,102,67.36847710380682
76,Miami OH,MAC,27-0,119.09958513365116,55,108.19386136275897,150,0.7510848714280186,76,30.130871528069168,0.8691284719308303,17.130871528069168,0.8691284719308303,14-0,0.3324194647992108,0.23430689047124043,0.42352399810375474,0.3429665577738171,0.23430689047124043,0.42144298415901144,0.9249494137761107,0.9491599024822258,107.16493077217272,112.86768925637047,107.45175480351875,112.83671265012288,119.56580037273005,108.51076243647142,0.0,0.0,0.0,0.0,0.17328952247803053,1252.0,1090.0,1021.7499999999999,1.225348666503548,1.0667971617323222,0.41415943535240984,1.0,2.9015570501507963,29,1,69.99277440462683
77,George Washington,A10,15-12,118.92398485604949,56,108.05822244920178,146,0.7506093438956093,77,18.086489619707088,12.913510380292916,9.086489619707086,8.913510380292916,6-8,0.5088126747337085,0.4259819533248002,0.5857269160419809,0.502215821885381,0.4259819533248001,0.5572736158458009,0.8373213478822882,0.8589603972192,110.04154751809698,108.19589579747631,109.79150916284009,108.43479712317371,118.9365886346297,108.08421486698342,116.18252612116191,100.94111444966852,0.8344070991810005,3.0,-0.1311947451845693,1099.0,1041.0,953.3875000000002,1.1527317066775051,1.0918960024124502,0.4576870651591718,0.42857142857142855,-5.912301062620009,136,361,69.2135296632929
78,McNeese St.,Slnd,23-5,115.02715315568439,86,104.77646622217476,84,0.7452427384531626,78,25.198869171910758,5.801130828089243,18.198869171910758,3.801130828089243,16-3,0.4118556544437578,0.5160114182034133,0.3625187137154999,0.41926059817168926,0.5160114182034133,0.37968071724962016,0.8643190740831395,0.7459633040688628,108.29176214080879,109.70306696348312,108.51945409186611,109.83333101732549,114.65918020582365,104.7211418389827,101.55268068431769,101.86473309933531,0.4911801224910214,3.0,0.07615292169806609,1477.0,1218.0,1243.5625,1.187716741217269,0.9794441373071318,0.4883734062990488,0.8421052631578947,0.01934324909448798,54,36,66.06487624852812
79,Georgetown,BE,13-14,114.97222222835973,89,104.96908220091322,88,0.7401568744248578,79,14.779662443550912,16.22033755644909,6.779662443550913,13.220337556449088,5-11,0.6525815434854705,0.44601222299240695,0.7945979513244519,0.6675169246934299,0.44601222299240695,0.7893445106289927,0.7091879607622127,0.8246319832382704,112.81651877260376,105.90136033225473,113.49510892778025,105.74009994734631,115.27304821804958,103.34122957585906,113.29084277706625,101.9144025810857,0.7715331156320125,11.0,-0.039892533944931474,1139.0,1166.0,1059.0375,1.0755048806109322,1.1009997285270825,0.7683307478471562,0.3125,-4.310523571327558,103,270,66.22520359359532
80,Utah Valley,WAC,20-7,112.47333788530973,117,102.77220285131109,56,0.7383315490661406,80,23.190178485944266,7.809821514055735,13.190178485944264,4.809821514055735,10-4,0.4434488319170158,0.4292362180065336,0.4566462591196065,0.43627786697310145,0.4292362180065336,0.441363502337845,0.8848444454436337,0.8563669186393186,107.6174457837398,107.4900342367438,107.3385295796672,107.85058322410957,111.48514776153255,104.22234212258698,110.76629349334897,113.61415067522753,0.4275305101742679,2.0,0.0035567595332199886,1080.0,971.0,980.85,1.1010857929346995,0.9899576897588825,0.3878738536016799,0.7142857142857143,-2.4714197229328185,78,171,68.91441387502528
81,Mississippi St.,SEC,13-14,114.14165157636427,97,104.51159675573535,76,0.7337309708471693,81,14.08585675584474,16.91414324415526,6.08585675584474,11.91414324415526,5-9,0.6921834011189377,0.5272321898665299,0.8453523829961741,0.7170138561357161,0.5272321898665299,0.8540783928856845,0.6678656766500414,0.820841158805925,116.2204805580368,106.09751541051182,117.3118191147331,105.4857026289909,114.6851562460699,102.71597406603539,113.82223810736104,103.32472444660074,0.7526421976285476,13.0,-0.003300345024188134,1075.0,1155.0,999.1374999999999,1.075927987889555,1.1559970474534287,0.8846194274989714,0.35714285714285715,-3.645628358405919,93,188,68.9859125398458
82,Creighton,BE,14-14,116.66636740610929,70,106.96485157655272,121,0.7307452835576149,82,15.593440032248658,15.406559967751342,9.593440032248658,10.406559967751342,8-9,0.7068021424698664,0.5578588207051383,0.8031772330235138,0.7078070264970451,0.5578588207051383,0.7902785396825938,0.6738049135497534,0.7264747665680793,114.98412631995964,104.03065923382688,115.11609200028782,104.3009380576648,117.13757703907218,105.65762039297427,111.20192839235065,104.4792884801589,0.6719740452688343,11.0,0.0375826489886083,1282.0,1324.0,1179.9125,1.0865212462788556,1.1221171061413453,0.7171859440840462,0.47058823529411764,-2.4708239665892666,77,99,67.07343908822321
83,Northern Iowa,MVC,18-11,107.29486935513833,217,98.50957714467538,24,0.7275863853713349,83,19.4085192000145,11.591480799985503,11.408519200014497,8.591480799985503,10-8,0.5078491534106826,0.4522776476018842,0.5418095180716148,0.5091527342552045,0.4522776476018842,0.5404340319145305,0.8558612127796978,0.8592816198010219,109.563492791219,108.37976254055471,109.57591150456106,108.4036603668748,106.56337712619687,99.18448331430962,116.58778265657881,102.22195527508491,0.8193910259044965,2.0,-0.0633519671585443,1210.0,1128.0,1136.3999999999999,1.0647659274903205,0.9926082365364309,0.528054656500772,0.5555555555555556,-5.173472891424343,122,313,61.91383001596842
84,Mississippi,SEC,11-16,113.94488418277226,98,104.79130853467164,85,0.7237333068311841,84,12.653953588809749,18.346046411190255,4.65395358880975,13.346046411190251,3-11,0.689337251150331,0.4912290083023451,0.8732949052234601,0.7025817749862524,0.49122900830234495,0.8552254398135185,0.6500495136825898,0.8040008336051735,116.4505745249656,105.68147069753819,116.91801790637844,105.57129333140145,114.89404074024971,105.42982355687249,112.11959355258878,103.13762672060082,0.7231760536649499,15.0,-0.0457827159494511,1033.0,1152.0,967.0249999999999,1.068224709805848,1.191282541816396,0.7919823108787231,0.21428571428571427,-4.528080510081375,107,280,65.51731256537877
85,Colorado,B12,15-12,117.06165520921768,67,107.97778520075383,142,0.7168551873045064,85,16.220604588119603,14.779395411880397,6.220604588119603,11.779395411880397,5-9,0.6794984266452313,0.518825723211049,0.8286945084055437,0.698276022308569,0.518825723211049,0.8278790161012224,0.6882031270316084,0.8693387411147386,114.76678955984752,105.4378194766601,115.52559155494025,104.72279986602965,114.67890175833297,105.35675294844768,111.22412099533327,105.45210004451913,0.6485884168786422,10.0,0.04960576573749764,1047.0,1105.0,974.0625,1.0748796920115495,1.1344241257619505,0.8250247930360975,0.35714285714285715,-2.401274475195477,75,72,68.16679808569965
86,Oklahoma St.,B12,16-11,115.02632571449223,87,106.27583779761451,107,0.7129828168882503,86,17.07853908023968,13.92146091976032,5.07853908023968,12.92146091976032,4-10,0.6619962320300531,0.4757025822493326,0.8349831925407216,0.6876533168980508,0.4757025822493326,0.8407288474776803,0.6858737161083651,0.8698515760716378,114.5085628261886,105.63622029742798,114.89379073703716,104.66900736394079,112.27492960662671,105.98457662603674,111.91071256207856,100.43374693173357,0.7763177322204682,9.0,0.08879623239117584,1070.0,1179.0,1021.4750000000001,1.0475048336963704,1.1542132700261876,0.8608386397570355,0.2857142857142857,-1.2890977486996527,64,22,72.06999691741973
87,Dayton,A10,18-9,111.43390937330042,138,103.02336325699727,61,0.7114573707675245,87,19.677254563579808,11.322745436420194,10.677254563579806,7.322745436420193,9-5,0.5520860782025987,0.5338323969772548,0.5690359250547041,0.5789594332299779,0.5338323969772548,0.6115511816347226,0.7892413926633635,0.7890689050497381,110.82826957134532,108.2914809367104,111.77506769418802,108.00073738131472,109.23619927415518,104.51782034420333,104.26338348155404,103.57439775971477,0.5190521870790705,5.0,0.05118990876559082,1021.0,1004.0,953.1624999999999,1.0711709703224792,1.0533356064679424,0.760354579664787,0.6428571428571429,-2.0330765346714132,71,67,67.62594031627927
88,Xavier,BE,13-14,115.52555561070494,81,106.88347242839737,117,0.7097467772335931,88,14.59127944134041,16.40872055865959,6.59127944134041,13.40872055865959,5-11,0.6915862521575176,0.5422944593523983,0.7942243597110368,0.7036262148250276,0.5422944593523983,0.7923586803349734,0.6987050778323938,0.7998948206082868,113.74046454887205,104.0690121753216,114.11555812697223,103.93661666754633,114.79700587336464,107.97721422365179,111.3937805636333,105.78696977604386,0.6442612385462438,11.0,0.006238675022166074,1246.0,1349.0,1168.5,1.066324347454001,1.1544715447154472,0.78489596283072,0.3125,-3.9232175692613813,96,162,70.17258415001021
89,Colorado St.,MWC,17-10,119.62083055078561,50,110.69379976854532,199,0.7092883805372735,89,19.155263794855433,11.844736205144564,10.155263794855436,9.844736205144564,8-8,0.5639974701488923,0.425397134856771,0.6592852006622257,0.5755936555969522,0.42539713485677116,0.6582017420040518,0.7957178656747211,0.8928008941059731,112.28845600988916,108.23016628140613,112.47842828441844,107.9972650563649,115.5184472128821,109.80230387506711,117.37021232433649,108.74117716125188,0.7064428597692997,6.0,0.02996114182922016,1130.0,1152.0,1016.3749999999999,1.1117943672365025,1.1334399212888946,0.6538679073713554,0.5,-2.863857285488935,86,112,62.242791407978416
90,Yale,Ivy,21-4,121.28898684277462,39,112.30493381662637,242,0.7078613198081057,90,23.12364702680599,4.87635297319401,11.12364702680599,2.876352973194009,9-2,0.42800669626818855,0.44437080695544984,0.4071796463025832,0.42922637470190367,0.44437080695544984,0.4140819424483575,0.8876132700523625,0.8615402924106217,108.37554361494489,109.28189316713835,108.82149965908204,109.92286320014668,115.8504825117231,108.94278655220288,120.93350758505899,123.79120054529493,0.43325396655974857,1.0,0.10938803827351007,862.0,750.0,724.55,1.1897039541784558,1.0351252501552688,0.43939036164952977,0.8181818181818182,-0.1112570032797221,57,9,65.09519004012482
91,Marquette,BE,9-18,113.07690424672026,109,104.75643175354307,80,0.706604023250108,91,10.445770692975868,20.554229307024134,5.445770692975869,14.554229307024132,4-12,0.6940121362714297,0.5501326273917637,0.7929292986262004,0.7066080787563458,0.5501326273917637,0.7926695770068662,0.6839369241408275,0.7587360961883028,115.47250952059318,105.20263577683588,115.76805640346916,104.9411180268788,113.90795802856029,104.52430930589567,111.41615081741361,105.37941847984625,0.6548906463923485,10.0,-0.13649359689496143,1177.0,1253.0,1114.7624999999998,1.055830277749745,1.1240062345118356,0.7916306905295296,0.25,-7.659632487835427,186,364,69.17855340483254
92,Notre Dame,ACC,12-15,114.8823320938514,90,106.52763458895458,112,0.7043909454932888,92,13.496095797406179,17.503904202593816,4.496095797406181,13.503904202593821,3-11,0.6576539648624505,0.5181777647300598,0.787167579271099,0.6752978690486037,0.51817776473006,0.7887734999453294,0.6834174738645667,0.7669267342670683,114.49141495838275,105.6177608820419,114.75170680794263,104.97809424855464,114.36803435455002,107.22328824476027,115.08149546689835,106.39867686764417,0.711390103466888,13.0,-0.0380053259919329,1012.0,1093.0,945.0500000000001,1.0708428125496006,1.1565525633564362,0.7943942223051358,0.21428571428571427,-4.700133759840448,112,266,65.36167715346437
93,High Point,BSth,26-4,117.53715993395713,64,108.9930703590842,167,0.7043101427687708,93,26.799159832295654,4.200840167704347,14.799159832295652,1.200840167704347,14-1,0.28316704787208746,0.278600897636761,0.2877331981074141,0.2839497317763122,0.278600897636761,0.28896426378214163,0.9458209889638985,0.9447767665028532,103.91659487310123,112.9027096454817,103.95113702796768,112.89042617142174,114.57223281496087,107.36691224157174,0.0,0.0,0.0,0.0,0.025057858717276393,1303.0,1075.0,1078.6875,1.2079494756359002,0.9965814937134249,0.307430248903055,0.9333333333333333,-1.5950940081513896,67,118,69.55761622245214
94,Wichita St.,Amer,18-10,110.98846312265007,142,103.05359511690415,62,0.701203679542625,94,20.013403616680264,10.986596383319739,12.013403616680261,5.986596383319738,10-5,0.4977262646678105,0.4284953742328724,0.5577263697114235,0.49628838266054986,0.42849537423287226,0.545249999858317,0.8500684864377317,0.860299728638291,110.39244805695645,109.58943969719682,110.019291404383,109.44787000706192,109.79030847230719,102.16803256480229,108.84023530755692,99.49716376430602,0.7373319781339416,4.0,-0.018990483578137374,1153.0,1103.0,1058.3374999999999,1.089444529745946,1.0422006212573967,0.4828681505927846,0.6666666666666666,-4.223769533157554,101,225,65.93775910494514
95,Oregon,B10,10-17,112.94586987427039,110,105.2971677716788,91,0.6913428547446386,95,11.041027153123567,19.958972846876435,4.041027153123567,15.958972846876433,3-13,0.718261016135149,0.559474121309877,0.8274270063275236,0.737494713064877,0.559474121309877,0.8354060385301272,0.6477518269281086,0.8092408317227219,116.18263762513607,104.04787103243433,117.10165403668047,103.79186691408971,110.16850445123447,105.42844657993291,114.2816540271743,109.55875164151458,0.6190124428492902,14.0,-0.05978247693059441,1045.0,1201.0,1034.7250000000001,1.0099301746840947,1.1606948706177969,0.8673221673405418,0.1875,-5.911140652145327,135,308,65.53181149482937
96,Utah,B12,10-17,115.74109790417455,79,108.04530830640869,144,0.6881015764146484,96,11.248726119440416,19.751273880559584,3.2487261194404167,14.751273880559584,2-12,0.6915376789537299,0.531590375838402,0.8400601747036767,0.7077619883733143,0.531590375838402,0.8349970418707505,0.6771417681765046,0.8363718100354158,115.16926164436227,104.88236092753203,115.78343390458538,104.73207925591139,114.75015632105615,106.53906930849155,114.96862499234105,103.54471534226604,0.769154055894917,10.0,-0.0841912373566886,987.0,1097.0,937.9124999999999,1.0523369717324378,1.1696187011048473,0.8172760769555091,0.14285714285714285,-6.58833585078362,158,341,66.83651648573684
97,Hofstra,CAA,19-10,114.54496895865476,92,107.09706919247162,125,0.6842054887671637,97,20.689867112840886,10.310132887159114,11.689867112840886,6.310132887159114,10-6,0.4314410354052734,0.4570182804553682,0.41065952380207127,0.42611998519829924,0.4570182804553682,0.40380454973486046,0.8862926929911062,0.848816951876556,108.059261015411,109.48110942025251,107.76211579841059,109.48521839976411,114.63071405608137,106.3427121692958,119.78455628944025,105.09657303798323,0.8182258749332044,2.0,-0.034952011698097585,1198.0,1081.0,1040.5375000000001,1.1513280395949208,1.0388861525894069,0.348964757197174,0.625,-5.1528955458991055,120,260,64.92501264965257
98,South Carolina,SEC,12-15,113.18654868315565,107,105.90422999061295,104,0.6823894439310283,98,13.024519754008075,17.97548024599192,4.024519754008077,13.975480245991925,3-11,0.6249947530392356,0.3715290070743523,0.86035580286377,0.6551271966596998,0.3715290070743524,0.8599481113602283,0.6787375664121376,0.8817885609425427,115.26604621133148,107.72840684188542,115.86026142648099,106.9592506431593,112.43920347508538,105.49043306551746,109.87162857551328,103.42452109027654,0.6671697207828391,11.0,-0.04982040696027107,1017.0,1176.0,975.6125000000001,1.0424220681879333,1.2053966098220348,0.8585211910978321,0.21428571428571427,-5.015864476329209,116,292,66.40479733765916
99,DePaul,BE,14-13,108.76098544490935,185,101.78960546478396,44,0.681747426515611,99,15.481659025666298,15.518340974333702,7.481659025666296,12.518340974333702,6-10,0.6168864430656512,0.35283071616416406,0.7984247553104237,0.6381817929400783,0.35283071616416406,0.7951248851668313,0.7363481383543253,0.9098754680755643,112.5772943244521,107.15452803750605,113.208361616166,106.85726514751062,108.94056746574128,99.7773102791048,106.73026970586211,98.92246395700276,0.705501971143601,8.0,0.0015707189359723817,1079.0,1138.0,1061.5875,1.0164023219941831,1.0719794647167566,0.7819254045924615,0.375,-4.192149578905104,99,178,66.08853051503132
100,Pacific,WCC,17-13,111.86092502277467,129,104.81961758331371,86,0.6786723749233066,100,17.737182265876964,13.262817734123034,8.737182265876966,9.262817734123034,8-9,0.5069379567724213,0.41029627452401013,0.5808404196682652,0.5068376952675991,0.41029627452401013,0.5765620546935247,0.8142969799339254,0.8385990010297351,110.92543994468544,108.0417833384334,110.95896504088286,108.16960814546358,111.81688893010976,103.86365645366557,108.82353441004443,103.91843839032448,0.6295751553108769,7.0,-0.04400290362525405,1217.0,1188.0,1117.5,1.0890380313199106,1.0630872483221476,0.5038298501229368,0.47058823529411764,-5.663311539712777,128,276,64.36543488463185
101,Wyoming,MWC,15-12,115.396027628602,83,108.14207507282094,148,0.678443223758602,101,17.384089652048257,13.615910347951743,8.384089652048255,11.615910347951743,6-10,0.571270998339254,0.383731422786659,0.700204456531663,0.5653387378385231,0.383731422786659,0.6652227611170485,0.7841817545036807,0.8737663149157832,112.32907149926476,107.37587491039359,112.11455726558876,107.75216317040213,113.49528023698193,109.20152545682336,116.45920968304448,111.37181144368583,0.6256660559554401,8.0,-0.011993517977222923,1131.0,1188.0,1044.9625,1.0823354905080325,1.136882902496501,0.5252959794585904,0.375,-4.384786901664762,104,207,66.18054354204112
102,Davidson,A10,16-11,112.52785279366071,116,105.56904077641926,96,0.6757064478038477,102,18.47815562062153,12.521844379378472,9.478155620621528,8.52184437937847,7-7,0.5133892874499486,0.44387075205207993,0.5779422131765412,0.517164982453233,0.44387075205207993,0.5700997044096212,0.8319524267205053,0.833242851226513,110.60201356317074,107.82338671105447,110.43127606928482,107.79401897768112,112.0704746281913,105.32432721161402,108.35207715789173,108.82068606159794,0.48759534840647617,4.0,-0.027842687105918085,970.0,961.0,891.875,1.0875963559915907,1.0775052557813596,0.5426509237254012,0.5,-4.84121891519473,113,244,63.29678245621132
103,Kansas St.,B12,11-16,113.73548911187912,102,106.75270332399451,115,0.6745080360121494,103,12.401124071425523,18.59887592857448,3.401124071425521,14.59887592857448,2-12,0.6881997054883848,0.5144781217924914,0.8495126046345717,0.7020774268769439,0.5144781217924914,0.8375658138823816,0.6638843642353842,0.8037960878204509,115.2854812317824,105.32163839761424,115.28811283821277,104.71638213520028,110.5781059985368,105.82318638947106,110.50081597810969,106.75241158622316,0.5979360418613212,12.0,-0.025506272605366753,1017.0,1182.0,1016.525,1.000467278227294,1.162784978234672,0.7957520462497166,0.14285714285714285,-5.086005135639343,117,239,72.03005233515735
104,Liberty,CUSA,23-4,118.37080493232935,59,111.16712940197942,208,0.6730593348000556,104,25.687470361918223,5.312529638081777,17.687470361918223,2.3125296380817773,15-1,0.41005358583512774,0.36485515123125317,0.44112750962529146,0.4192523386712755,0.36485515123125317,0.4491707917632878,0.8901783877389277,0.8719105248466981,107.90696921045918,109.57049272050712,107.90999615416355,109.43776006129221,118.47550295438214,110.67384388505198,76.24575248467475,108.17119538666269,0.017598884625092792,1.0,0.1368719947544137,1254.0,1158.0,1059.2749999999999,1.1838285619881523,1.093200538103892,0.48134392031527284,0.9375,0.10512383223785127,53,6,64.05899394683004
105,Seattle,WCC,17-12,102.16803021195028,304,96.01616858866353,15,0.6713231237323286,105,18.21626301558398,12.78373698441602,7.216263015583981,10.78373698441602,6-10,0.513045848089615,0.3788253668455036,0.6220999891004555,0.5113740005448633,0.3788253668455036,0.6071035693277341,0.8187865629900649,0.9048936245960005,112.07419023832597,108.83664060271983,111.75434407768311,108.77902433057923,99.45667626057921,93.4257740700253,111.94875872618759,100.80722085770597,0.7695123226792026,5.0,-0.03145482338101924,1046.0,1083.0,1101.7375,0.9494094555191233,0.9829927727793599,0.48713221114596317,0.375,-5.115215809864684,118,252,68.03265381100975
106,Illinois St.,MVC,18-11,109.45398609078333,164,102.9449999095101,59,0.669308207576496,106,18.814140635279426,12.185859364720576,10.814140635279424,9.185859364720576,10-8,0.48059659593642184,0.4101799985404772,0.5236289610117212,0.4979307120344016,0.4101799985404772,0.5461936044560598,0.8601129596882435,0.8794900599428387,109.38024014100233,109.46132863829378,109.67398747320865,109.06169792263748,107.18677841106722,102.09158069234346,112.45640829051656,106.90685811522457,0.6415248279238428,2.0,-0.035485230255054345,1307.0,1231.0,1225.2,1.0667646098596146,1.004733920992491,0.7492753954551077,0.5555555555555556,-5.685736524429185,129,262,66.74359432574516
107,Illinois Chicago,MVC,16-13,109.47783877108242,163,103.40426476070643,67,0.6584452242031481,107,17.333175845960096,13.666824154039904,12.333175845960096,7.666824154039904,11-7,0.48043474661788726,0.3603432224494445,0.553824011387491,0.4809369829637382,0.3603432224494445,0.5472635512465996,0.8662397268458115,0.8980839498084227,109.68060559439175,109.21024431107031,109.6598514427851,109.25289595947814,110.4860663668743,100.53641613641142,137.29723969877918,120.5499649557521,0.8169718670179243,1.0,-0.08336219114088284,1305.0,1189.0,1195.1625000000004,1.0919017288444037,0.9948437973915678,0.4882194099785757,0.6111111111111112,-7.462795000807271,179,340,66.1233917188431
108,Sam Houston St.,CUSA,19-8,114.41140847824818,93,108.26959972645949,152,0.6535155671708935,108,21.61752037390694,9.38247962609306,13.61752037390694,6.382479626093059,11-5,0.44565547020009577,0.43034175588907503,0.4561836487889226,0.44977960355034347,0.43034175588907503,0.46047041976404113,0.871396227043374,0.8275977898049356,109.91580149072558,109.31250571687453,109.98423897522613,109.55222466611694,112.79133949000725,107.94752682695352,128.67229676625215,115.81734884341947,0.7703743794046622,1.0,0.04276337224882232,1255.0,1187.0,1114.6874999999998,1.1258760863470707,1.0648724418278668,0.47761750366451533,0.6875,-3.2270049384327666,90,85,70.14758033443701
109,Memphis,Amer,12-15,107.29782984698247,216,101.71652094987363,42,0.6489244586951762,109,14.28741759461527,16.71258240538473,9.28741759461527,8.71258240538473,7-7,0.6194160221705434,0.6896131361376718,0.5542329877724959,0.613355768301013,0.6896131361376718,0.5582810026412041,0.7708174310557965,0.6795422220731011,113.10349389076667,106.74462026303678,112.71277046085179,106.78575054000423,103.84320519513972,100.62822174135745,108.86110606470452,104.95540781660105,0.6035259075951767,6.0,-0.05714979622445571,1023.0,1004.0,991.4999999999999,1.0317700453857792,1.0126071608673728,0.5724490546816827,0.5,-6.65402670035565,159,306,69.40017426418666
110,Hawaii,BW,19-7,106.1643332909419,242,100.80676212640282,33,0.6446265278093571,110,21.83424901950537,8.165750980494627,13.834249019505375,6.165750980494628,11-5,0.3890645825472093,0.2687799954689654,0.4642424494711117,0.3894186900033244,0.2687799954689655,0.4497380372705037,0.9091979524458392,0.9374592164942168,106.92792784780302,111.14800695747488,106.83629195112526,111.10205185841332,106.1366225795349,101.14744531474886,0.0,0.0,0.0,0.0,0.010201202009356924,1246.0,1159.0,1172.8624999999997,1.0623581195579195,0.988180626458771,0.3917203884680721,0.6875,-3.5960252566773288,92,150,69.64005906703699
111,Florida Atlantic,Amer,15-13,111.20218098823237,140,105.60729016557033,97,0.64420442975572,111,16.84241032776009,14.157589672239911,8.84241032776009,9.157589672239911,7-8,0.5045956379737028,0.4710698815903995,0.5336512935058988,0.5072599926352483,0.4710698815903995,0.5333972950565279,0.8498077127592496,0.850694854276726,110.26261855973254,108.48418053476128,110.36504266927169,108.62412526455431,108.6428957473856,103.22630907779327,111.90664531979758,104.90988468260106,0.677537375469184,3.0,-0.07068709515867622,1161.0,1126.0,1087.5,1.0675862068965518,1.0354022988505747,0.5321273028096735,0.4666666666666667,-7.2129121961034155,171,323,69.74203042405372
112,North Dakota St.,Sum,23-6,113.8165224013666,100,108.3064552913817,155,0.6389163352808217,112,24.27201617225396,6.727983827746038,14.272016172253963,1.7279838277460378,13-1,0.34052943964268756,0.374701584858183,0.3039164269117996,0.3477434136228192,0.37470158485818306,0.32247012808966546,0.923427362497435,0.9112030245396168,106.96233646588763,112.5457151984069,107.31550437328391,112.67265830729465,115.18018303219371,108.59494898876136,0.0,0.0,0.0,0.0,0.04800099562790283,1154.0,989.0,950.0250000000001,1.2147048761874686,1.0410252361779953,0.4523460363347268,0.9285714285714286,-2.8784924331950847,87,76,66.07686250198432
113,UC Irvine,BW,18-10,104.35719596700076,262,99.39041663551264,29,0.6366341044417702,113,20.688297459416855,11.311702540583141,13.688297459416857,6.311702540583143,11-5,0.44039546192003926,0.4370890573166719,0.4428752653725649,0.4454857562895222,0.437089057316672,0.4505237756732323,0.8941944992254292,0.893559226748299,108.18036521219048,109.45825644724606,108.4997237514184,109.71374910713193,105.55947954759,99.24526591918318,0.0,0.0,0.0,0.0,-0.023190570619881612,1219.0,1098.0,1148.3375000000003,1.0615346098163647,0.9561648905482923,0.4811178168759019,0.6875,-5.692576612802683,130,235,68.32131891586778
114,Pittsburgh,ACC,10-17,111.93162178795453,126,106.69417896242985,113,0.634390293178728,114,11.141292026544916,19.858707973455083,4.141292026544916,13.858707973455084,3-11,0.6793764915852705,0.5320438834305198,0.8161853420146817,0.6941869143957796,0.5320438834305198,0.8112902145373562,0.6949460267733211,0.8122160553165357,114.5293000687598,105.15383585987773,114.78538038968651,104.9307362997282,110.3438780196334,106.62849163364096,108.47952671089202,106.94008248452924,0.5409994229475067,14.0,-0.05455287634694905,929.0,1053.0,908.8374999999999,1.0221849340503666,1.158622966151815,0.7941572683667169,0.21428571428571427,-6.913486514883905,164,302,63.82093654224846
115,Duquesne,A10,16-11,112.07721707063291,122,106.89679777076765,119,0.6327955045328433,115,17.85656723785364,13.143432762146364,9.856567237853636,8.143432762146364,8-6,0.48077970698529143,0.34514106087094504,0.6067298783771848,0.5030635163582696,0.345141060870945,0.6171186230991155,0.8292434111040328,0.8695344686361459,110.36127171926691,109.59288859485295,110.78046565887482,109.00524868741014,111.94685000746892,105.76850953105816,110.3230886620141,106.8523420312992,0.5908792398217763,4.0,-0.02241793631620792,1066.0,1058.0,979.3374999999999,1.0884909441331514,1.0803221565599195,0.6534792296258728,0.5714285714285714,-5.3215615709613235,123,230,69.71218179123512
116,Saint Joseph's,A10,17-10,107.25828078556205,219,102.34745199072174,50,0.6315711531793362,116,19.22729214100313,11.772707858996869,11.227292141003131,6.772707858996868,9-5,0.462018577421006,0.3543896459766659,0.5619597280478934,0.4747723921470859,0.3543896459766659,0.5617154866035006,0.8496246547908854,0.8826073954456238,109.00028383609536,109.5237897410607,108.94696228367312,109.05210593899287,109.07751669875634,99.81597840111706,108.2934646292711,109.63406551518929,0.46468680091478626,4.0,0.0017898267443503535,1010.0,985.0,950.5124999999998,1.0625846582764564,1.0362830578240687,0.5608606415481251,0.6428571428571429,-4.6067980362548875,110,177,67.6466277421113
117,Washington St.,WCC,12-17,116.53382086471055,71,111.4349276657032,218,0.6258650837174473,117,13.125678486801368,17.874321513198634,8.125678486801368,9.874321513198632,7-9,0.6034996354986304,0.5659316123128961,0.6340236543370397,0.5959920597339422,0.5659316123128961,0.6177023828713645,0.7926293336500434,0.8271491537298817,111.89174909625818,105.74925326697576,111.59472721710796,105.89938335962279,118.00863017495246,111.49355849496305,113.36514073901999,110.8456095717587,0.5642600411090652,6.0,-0.09023651877591948,1232.0,1246.0,1093.4625,1.1266961601335208,1.1394995255895835,0.48713221114596317,0.4375,-8.908932797555508,223,349,67.2822524924605
118,Cal Baptist,WAC,19-8,106.85767192207167,226,102.36639027313167,51,0.6210017765352156,118,22.097065383522423,8.902934616477578,12.097065383522422,5.902934616477579,9-5,0.4698603005977124,0.44687185950645186,0.4912067101824543,0.45431573336694264,0.44687185950645186,0.45969186448840826,0.8710911546702624,0.8508692794326944,107.67112618499421,109.14931502220958,107.07254155053951,109.10664826867743,104.58306415102183,100.37886092481895,95.34884678753242,110.97430851856848,0.14865369908436565,1.0,0.09155630067340126,962.0,933.0,942.7,1.020473109154556,0.9897104062798344,0.3493899045592472,0.6428571428571429,-2.7815033687493216,83,17,65.40969719342951
119,UC Santa Barbara,BW,17-11,116.88396909961904,69,112.18612368171426,237,0.6157997131911809,119,18.870570242283037,12.129429757716963,11.870570242283037,8.129429757716963,10-7,0.43213084976317667,0.4100938816672042,0.4463900644135119,0.4374977954076064,0.4100938816672042,0.45256994796482763,0.891401284973007,0.88784075207878,107.49221724027642,109.06109888830481,107.19907239183838,108.6935441521336,117.58529695300886,111.80390846294512,98.54691182737169,104.31464096904608,0.34206421993007885,1.0,-0.04731012250207611,1378.0,1293.0,1183.2999999999997,1.1645398461928507,1.0927068368123047,0.48758928808895,0.5882352941176471,-6.714683754892107,160,286,63.83968310458967
120,UNLV,MWC,14-13,115.63207309854198,80,111.02418776884039,205,0.6148275663636728,120,14.995490190643082,16.004509809356918,9.995490190643082,10.004509809356918,9-7,0.5705781147401594,0.4827821580756309,0.6309378349470229,0.6043856929748586,0.4827821580756309,0.671267637169434,0.7745902094309756,0.840726648616074,111.75410351783229,107.36805180354233,112.33066631922186,106.43467553917277,116.55191810697228,110.73295513960578,121.16344158705343,114.80348653736067,0.6502329169914028,5.0,-0.0012821664515638709,1259.0,1253.0,1107.6000000000001,1.1366919465511014,1.1312748284579268,0.8325868460590782,0.5625,-5.820810005823419,133,185,70.0479252146597
121,St. Thomas,Sum,21-8,115.13122632442543,85,110.54803209507827,197,0.6147109692985097,121,22.448445235622938,8.551554764377062,11.448445235622938,4.551554764377062,10-4,0.3427187193265293,0.3739496218888079,0.30925703800980214,0.34891333024219634,0.3739496218888079,0.32544180682349794,0.9099635929805897,0.8852660046216027,107.87457421612217,113.19869205054948,108.02811950630282,113.15550528395704,115.59332034647834,112.63582494061411,105.9974571692977,112.64777089059655,0.33186014174521933,1.0,0.0058208609554217805,1219.0,1066.0,987.8250000000002,1.2340242451851287,1.0791385113760026,0.4387351885193685,0.7142857142857143,-4.302931097709399,102,165,68.77233891763471
122,UT Rio Grande Valley,Slnd,16-12,112.01928030093389,125,107.61621934732965,135,0.6132859386455195,122,18.0337594215475,12.966240578452497,14.033759421547503,7.966240578452498,12-7,0.42440198993367784,0.49383689591679425,0.3915117713100963,0.42122301109299426,0.49383689591679425,0.3915173309378032,0.864195581057703,0.7668817357232347,108.75730204251408,109.67195289706976,108.45042072016486,109.75649357893234,111.86556504860779,107.84263574856358,104.5158370944699,102.72416032736713,0.5495492400868851,4.0,-0.07586238407445334,1421.0,1323.0,1255.625,1.1317073170731706,1.053658536585366,0.3915525419132801,0.631578947368421,-6.999707224979407,167,334,66.53685750553885
123,Fresno St.,MWC,12-15,108.38497087321161,192,104.29696800894644,75,0.6087693413545244,123,13.682009967883857,17.31799003211614,7.682009967883858,12.317990032116143,6-10,0.5674620644174636,0.42868853876355506,0.662868863304526,0.5802999906346242,0.4286885387635552,0.6636862891637125,0.7853489353540399,0.8661812760324873,112.12052771540563,107.64223681331822,112.4717463106569,107.59643263473107,108.07631290388532,102.52561240090684,96.01433400480299,97.18842261098904,0.4651137322615124,6.0,-0.07749106564053931,1162.0,1181.0,1104.8999999999996,1.0516788849669656,1.0688750113132415,0.6669559926004582,0.375,-7.6959873907341505,187,337,68.15773578451996
124,Murray St.,MVC,20-10,116.52324945090871,72,112.16917635356954,236,0.6077703819387354,124,20.387567604727057,10.612432395272945,12.387567604727055,7.612432395272944,12-7,0.5095720811418871,0.44428669478444155,0.547368883769882,0.5139359118889987,0.44428669478444155,0.5522429812965052,0.8476145809798152,0.8511195149705716,109.43478815181827,109.52863831401388,109.53652696564463,109.44377296158605,115.87001723296792,112.74044840408015,118.25594062054654,121.56528648086584,0.4213089802452728,2.0,0.08577401300306009,1515.0,1515.0,1349.5749999999998,1.1225756256599302,1.1225756256599302,0.6448508343023442,0.631578947368421,-3.820165665032187,95,24,71.36917168181073
125,Maryland,B10,11-16,112.44203006962914,119,108.24435068643308,151,0.6076717909097327,125,11.902504119088345,19.097495880911655,4.902504119088343,15.097495880911655,4-12,0.7034294387017321,0.5135597364832802,0.8339648589769179,0.7199424689943842,0.5135597364832802,0.8334529718754913,0.6097114080694642,0.7555087621308808,116.51040389030385,104.81164174518547,117.30049587713468,104.35038675507266,112.92352185947585,108.83499516154339,113.62347603795669,111.86276801053039,0.5447794523921409,15.0,0.04557074194991889,1071.0,1253.0,1034.1,1.0356832027850305,1.2116816555458854,0.831405423469785,0.25,-4.075025827639191,97,79,66.37173997255124
126,UC San Diego,BW,19-9,107.73536903623744,208,103.9077065840707,71,0.6025283120156474,126,21.635134495633196,10.364865504366803,11.635134495633197,8.364865504366803,9-7,0.4457468390072275,0.4178092850818386,0.46670000445126925,0.440348456469994,0.4178092850818386,0.45387195930288726,0.8906455458568834,0.8873370630532113,107.64842786725458,108.58015749436964,107.81896926199094,109.25268545797266,103.5892577200592,102.76831894496499,113.72711807181082,109.27272044919846,0.6128916707885932,1.0,0.0434079419402833,1136.0,1124.0,1118.4625,1.015680007152676,1.0049509929926126,0.40255977870935944,0.5625,-4.594955292180623,109,83,67.4506448848517
127,Wright St.,Horz,18-11,113.50029474766913,104,109.65980957249026,178,0.5976922759297701,127,19.173067339875328,11.826932660124672,14.173067339875328,5.826932660124672,13-5,0.4000955978094428,0.4294612819349793,0.3821499019549485,0.40245826949799185,0.4294612819349793,0.3876066126576489,0.9030585111978134,0.8691019319394261,110.6076430731828,113.52781850440596,110.4272495398033,113.31680473389406,114.37804565578813,109.34208541964122,103.04701905619054,105.16594727764952,0.44174748196445035,2.0,-0.05318852703921606,1464.0,1366.0,1234.2625,1.1861334197547118,1.106733778268399,0.43671700898195254,0.7222222222222222,-7.028044962649795,170,300,66.36459435982438
128,UAB,Amer,18-10,109.10199683582262,174,105.47540753966875,95,0.5959845915438766,128,20.05002511382933,10.949974886170668,11.050025113829332,6.949974886170669,9-6,0.4861459974732917,0.38410801228190833,0.5745789179724905,0.4788080000136906,0.38410801228190833,0.5472024355977555,0.8638794202571229,0.8882431923705737,109.38250423548082,109.52546113112413,109.01929361023367,109.51578327863861,106.7398817899791,104.46632061849019,109.4601732064765,97.1716489482859,0.7972897318174261,3.0,0.04995724666850698,1147.0,1144.0,1087.1499999999999,1.055052200708274,1.0522926919008417,0.4103200237240807,0.6,-4.577391973991005,108,71,69.10128718940034
129,UNC Wilmington,CAA,24-4,110.96068741685534,143,107.42151973676403,133,0.5921299616708162,129,26.232439432308745,4.767560567691256,15.232439432308743,2.7675605676912562,13-2,0.35736743593594145,0.29006579264622306,0.4156955267870305,0.355588394105034,0.29006579264622306,0.40291027293639736,0.927920106891645,0.9413112910969291,106.10226469478336,111.32553697607091,106.28048139784191,111.67053697452204,108.90365439078033,106.00517289552657,0.0,0.0,0.0,0.0,0.14869985445737044,1109.0,1023.0,994.8125000000001,1.1147829364830055,1.0283344851416722,0.3389840036832317,0.8666666666666667,-0.9469919330153874,61,3,64.51891235667749
130,Southern Illinois,MVC,14-15,103.28384971383932,287,100.19122706159797,31,0.5865216638158826,130,15.533449079731422,15.466550920268578,9.533449079731422,10.466550920268578,8-10,0.5331150624109319,0.45240343944282346,0.5824388320025535,0.5181601019606528,0.45240343944282346,0.5543262663454589,0.8456296958793078,0.8475618490479355,110.00624164967704,108.1843734134644,109.62979391426147,108.45922750564681,100.45785842656161,97.11426811350441,105.29251824779367,92.88501067436471,0.8087442088427752,2.0,-0.045868123488291,1239.0,1229.0,1253.4375,0.9884816753926702,0.9805036150585889,0.3013131754316065,0.4444444444444444,-8.502776108572572,209,283,69.12682273001482
131,George Mason,A10,21-6,110.92835507682187,145,107.65105590212438,137,0.5853752920491904,131,22.39774700930061,8.60225299069939,10.39774700930061,7.60225299069939,9-5,0.47083449091202645,0.3437849189199375,0.588809093476109,0.5017533199189468,0.3437849189199375,0.6158416095293424,0.8605386994396871,0.9221343713883662,109.4424363788469,110.12767607321169,110.29110854599345,109.52506566109535,108.66683418844984,108.37309332435632,101.32602703357703,106.89931749702033,0.35074696987924353,1.0,0.16450151421352,962.0,959.0,890.0624999999999,1.0808229759146128,1.0774524260936733,0.7104554157156598,0.6428571428571429,-1.5419758267365546,66,2,64.0077783785458
132,San Francisco,WCC,15-15,113.37149719818115,105,110.31461277602105,192,0.5779434082403021,132,15.262817734123034,15.737182265876966,7.262817734123035,10.737182265876966,7-10,0.570699486289476,0.47749329947197505,0.6419748056205062,0.5761652954814367,0.47749329947197505,0.6474284037104924,0.7753733668001741,0.8302429762776284,111.47299049402531,106.78317111438648,111.53439471248558,106.67229749573853,110.62876090224417,110.29395220130398,111.87811793529033,105.76056837184233,0.656259979031831,8.0,0.00980245960083076,1233.0,1311.0,1159.6625,1.0632403824388563,1.1305013312062777,0.7401395712402568,0.4117647058823529,-6.4852238901141295,151,151,65.38695894924507
133,Bradley,MVC,19-10,111.14382169865789,141,108.30578762762863,154,0.5738225256557316,133,19.88992313628833,11.110076863711667,12.889923136288333,7.110076863711669,12-6,0.48039362550217785,0.3706258108334828,0.5474739566886027,0.4899448541162628,0.3706258108334828,0.555570327921792,0.8714728686413862,0.9215416678217087,108.63116867116518,108.92559108221393,108.91940735583664,108.85346450892,111.64179892453818,109.03939534405828,116.6348433492866,111.97676904916078,0.615076303589788,1.0,0.0702517396870842,1389.0,1358.0,1260.725,1.101747010648635,1.0771579844930497,0.6284376690204949,0.6666666666666666,-4.883440257949476,115,43,67.37309417845475
134,Penn St.,B10,11-17,115.49099887959134,82,112.56149465521233,245,0.573334355731804,134,11.815456635441333,19.184543364558667,2.815456635441334,17.184543364558667,2-15,0.6613076773752559,0.37150110246407686,0.8488295787883716,0.6732656492597379,0.37150110246407686,0.8392361499973516,0.6773728124893263,0.9268048942721073,115.70935328428253,105.66783205842634,116.00629170962083,105.60778755719593,114.99041549498615,113.15120350861918,114.68016320687796,110.23790797060313,0.6116662623740756,12.0,-0.0019884210003142666,1213.0,1449.0,1156.875,1.0485143165856294,1.2525121555915721,0.7848733868482377,0.11764705882352941,-6.0514398910974,142,186,67.39488780067889
135,William & Mary,CAA,16-11,111.70812580334665,133,109.25897209966577,170,0.5633914598750056,135,18.437349101267476,11.562650898732524,9.437349101267476,8.562650898732524,7-8,0.42546115137409013,0.42297214845439973,0.4274523537098424,0.4061571032232936,0.42297214845439973,0.394947073069223,0.8862937229674537,0.8384096527586894,108.73248506854581,110.030919280125,108.25098262181258,110.65694978455205,111.6555926008933,110.89057120126505,93.38006052783221,98.84950118083714,0.3419564657067043,1.0,-0.017546284059113848,1216.0,1171.0,1071.0875,1.1352947354907978,1.0932813612333259,0.23242066986612572,0.4666666666666667,-6.482215558783672,150,221,72.56954379493438
136,Rhode Island,A10,15-12,106.94892767421008,224,104.6769260445669,78,0.5614222070058579,136,17.004208036074083,13.995791963925917,8.00420803607408,9.995791963925917,6-8,0.4995844521819874,0.3978683988712647,0.5940350731133731,0.5074270870975904,0.3978683988712647,0.5865528063721593,0.8501574156473688,0.8863217005794335,109.45525344257368,109.64690468430373,109.43065931697936,109.30430439192142,104.65403116035091,103.63381172877085,113.0157944027012,100.3338391005331,0.7971833774006356,2.0,0.005957414599014332,954.0,972.0,929.4,1.026468689477082,1.0458360232408006,0.5603648727779114,0.42857142857142855,-6.328470414959401,148,164,65.54165044292016
137,Boston College,ACC,9-18,105.0369808684647,255,102.82908300675258,58,0.5607752722186496,137,10.13678216849812,20.863217831501878,3.13678216849812,14.86321783150188,2-12,0.6012969814441407,0.38407041341817205,0.8030073660396831,0.6238610753266605,0.38407041341817205,0.7970432200383465,0.7422889756148792,0.9116819698039301,112.58784546166186,107.08761979993449,113.22060101127427,106.75137515626938,106.15603553215097,102.16327087846959,109.20651833107803,102.73478097172753,0.668749645455964,8.0,-0.1172012456371041,910.0,1040.0,933.1375,0.9752046188262715,1.1145195643728818,0.7761687090336677,0.14285714285714285,-9.620403181961366,234,358,65.49297869568062
138,Austin Peay,ASun,21-6,108.72687646312636,186,106.45583597640577,110,0.5603915378342115,138,22.403365431587176,6.596634568412825,16.403365431587176,1.5966345684128251,15-1,0.3270249336554535,0.42236116960614906,0.26148127143935046,0.32900459829809336,0.42236116960614906,0.2719533602765039,0.9138138877106993,0.8507680344146437,108.27738026161688,115.11581732097328,108.5426599365271,115.34365097510118,110.01718955912408,107.54133105979341,115.86617464256288,105.40457883280995,0.7480506241959782,1.0,0.08427790824117809,1320.0,1164.0,1112.7375,1.1862636066457724,1.0460688167694538,0.355730070973732,0.9375,-2.6450098388623173,81,26,68.64361495063115
139,Cal St. Northridge,BW,18-10,110.20307968808991,156,108.04838407319906,145,0.5565262492908172,139,20.738564052768417,11.261435947231583,13.738564052768416,6.2614359472315835,11-5,0.45573812412514314,0.42201916043276005,0.48102734689443033,0.44474380335620384,0.42201916043276005,0.45837858911026996,0.8851165673009778,0.8764057606179915,108.65807631116498,109.20750097241265,108.08067485550175,109.29501225572731,109.97646086985407,106.22260689054038,0.0,0.0,0.0,0.0,0.06040018087225141,1325.0,1267.0,1215.4749999999997,1.0901088051996135,1.0423908348588002,0.3677835579736292,0.6875,-5.168759935318218,121,55,73.23487983779357
140,Rutgers,B10,11-16,111.72657556312271,132,109.68440406343638,179,0.5528382802787014,140,12.27406946527992,18.725930534720085,5.274069465279919,14.72593053472008,4-12,0.65906125915908,0.3943613149875464,0.8410424707770098,0.6683582797186262,0.3943613149875461,0.8190566103207206,0.6664237601419842,0.8584736681193421,114.47143728225318,105.23961112781457,114.71518998882446,105.11956595987833,114.56947043713433,109.83797703171871,112.74904046633924,113.4789228439002,0.4814571398520465,14.0,0.026815966955343717,1128.0,1302.0,1069.8874999999998,1.0543164585061515,1.216950380296994,0.7311131684955643,0.25,-5.127308850345379,119,116,65.4413676286255
141,Northern Colorado,BSky,18-10,112.57204573109497,115,110.78490686689904,200,0.5458788604354711,141,19.493280782897667,11.506719217102335,9.493280782897665,8.506719217102335,8-7,0.39320737313849563,0.36821242959966793,0.41486965753881305,0.40554570590403477,0.36821242959966793,0.43250862767941095,0.8893075102559799,0.864791888280733,109.79402174680725,111.92963757753763,109.85434684560975,111.67159540738307,110.6888292821007,110.5695728359946,149.56300878675765,127.56330291029558,0.8617269228700348,1.0,0.010238690092002067,1189.0,1158.0,1051.1125,1.1311824376553414,1.1016898762025948,0.5207034783824004,0.5333333333333333,-5.854551536559617,134,149,68.25629531238009
142,Valparaiso,MVC,16-13,108.7695654626269,183,107.12382879219518,128,0.5437206585290718,142,17.483357908157647,13.516642091842355,11.483357908157645,8.516642091842355,10-8,0.5035273393395948,0.3651096788820476,0.588115909619207,0.48988857408301567,0.3651096788820476,0.5585169664435481,0.8491835253140051,0.8612680842249266,109.18189593300552,108.74739645162651,108.93861349526277,109.0958874264204,110.27830493004208,106.33930506372661,103.85351487327841,117.83053093132499,0.18968485398853144,3.0,0.020440172204414853,1275.0,1286.0,1193.8375,1.0679845456353985,1.077198529950684,0.29212647786261736,0.5555555555555556,-6.769818832891319,161,130,64.85270958480278
143,Loyola Marymount,WCC,14-15,107.4683857578984,213,105.84726987000656,102,0.5435876797182585,143,15.078879703468326,15.921120296531674,6.078879703468326,11.921120296531674,5-11,0.5208545739212449,0.39118132904197034,0.6262140853856556,0.5245411177634516,0.39118132904197034,0.6208565207289658,0.8302179581973205,0.905170243956261,110.93873360163248,108.8565761654811,110.7381089285965,108.60440310465307,108.91318977014961,107.91545755019624,106.6835364581276,111.44878170731735,0.37694624338565924,5.0,-0.03451814482189103,1153.0,1244.0,1105.1125,1.0433326923729485,1.1256772500537275,0.5779960034754476,0.3125,-8.319637978943621,204,258,67.30202230087812
144,Bowling Green,MAC,16-12,106.63960951395191,231,105.06545820664591,89,0.5426515026444758,144,18.09169735848333,12.908302641516672,9.091697358483328,8.908302641516672,7-8,0.3952454089621398,0.31035048089380146,0.46882101328803283,0.3907216905501912,0.31035048089380146,0.44876756419091696,0.9025551480382396,0.9163367845712247,108.71634729811271,111.66046278636908,108.52824466032716,111.86958533059185,107.40493553284675,105.37260147535423,0.0,0.0,0.0,0.0,-0.062293088093717364,1151.0,1124.0,1054.8375,1.0911633308447983,1.0655669712159455,0.3485003187053377,0.4666666666666667,-7.964889223985091,191,311,67.92892862241477
145,Montana St.,BSky,15-13,110.08006777438584,158,108.50186420566587,157,0.5414216754236568,145,17.148198215947,13.851801784053,11.148198215947,6.8518017840529994,9-6,0.4500936037436852,0.4474735720009852,0.452364297920692,0.4390656184086582,0.4474735720009852,0.43299320748086645,0.8705226243138646,0.820300632205424,111.49769557232015,110.99021038558281,110.92581284630442,111.21241656395215,110.18472254779381,108.64831719346891,104.81900173815414,92.32707313357395,0.8114291116967678,2.0,-0.030169016240094937,1152.0,1112.0,1019.7,1.1297440423654015,1.0905168186721583,0.336137755281739,0.6,-7.7469642471711815,189,247,65.81061695605389
146,Portland St.,BSky,18-8,103.69815421131034,276,102.33291203526666,49,0.5380287153779093,146,19.471776992841974,9.528223007158024,13.471776992841976,4.528223007158024,12-3,0.3978776882606669,0.37285470624109196,0.4162278750750217,0.4104109910879847,0.37285470624109196,0.4333620540499746,0.8945777596193591,0.8748571555477388,110.3228211091811,112.54897459280211,110.33231233731257,112.2263038176717,103.66793983179235,100.8438472029696,0.0,0.0,0.0,0.0,0.07299351197053316,1116.0,1033.0,1026.475,1.087215957524538,1.0063567062032686,0.5190329489247391,0.8,-4.2220672463206705,100,41,66.94918648620336
147,Arkansas St.,SB,18-11,111.50256137004709,137,110.06919181127142,190,0.5371293620069058,147,19.657716538609456,11.342283461390542,10.657716538609458,7.342283461390543,9-7,0.4098684848334473,0.4700536478817083,0.3609680398567353,0.39916103284550053,0.4700536478817083,0.34796081087490616,0.8867738212060738,0.8215630609980893,108.27403838941184,110.41565766405708,107.80293764825919,110.524461417314,111.35272302244503,112.1851144571946,102.16170729542216,110.38277935284064,0.29109580288444636,3.0,0.012510392246030233,1326.0,1259.0,1161.5874999999999,1.1415412097668063,1.0838615257137325,0.24390297902027314,0.5625,-6.333465319908631,149,146,71.63476508399523
148,Kent St.,MAC,20-7,110.67400377357656,150,109.33759643731014,172,0.5348707149695174,148,22.845500636273833,8.154499363726165,13.845500636273835,4.154499363726164,11-3,0.42585807461705444,0.38324352433492215,0.4654287284504628,0.4146572642058481,0.38324352433492215,0.4373449652237389,0.8877506024105519,0.8799917736176303,110.34016341425644,111.53485038855379,109.8501551720779,111.85459979294525,110.06614653821906,108.46957662858564,86.64500009046347,98.61262611396607,0.18424165237207182,2.0,0.13861977741721399,1125.0,1087.0,1013.5749999999998,1.1099326640850458,1.0724416052092842,0.3390517939302051,0.7857142857142857,-2.6519296180874874,82,5,70.80966243361051
149,North Texas,Amer,16-12,103.47858496308498,280,102.2941433902076,48,0.5330494912404036,149,17.48298974693608,13.51701025306392,8.482989746936079,9.51701025306392,7-8,0.4688355826128773,0.3992822218658427,0.5291151619269739,0.4726600346553702,0.3992822218658427,0.5256551216700291,0.8569442263478112,0.8613180409590986,109.70595140269572,109.52235918317798,109.86720588916346,109.68371681458632,103.66617974381879,102.1675476340808,92.34247471237065,96.49074215458273,0.3762859186204449,3.0,0.009581624716536008,1051.0,1042.0,1017.6374999999998,1.0327842674822814,1.0239402537740603,0.5083549203853049,0.4666666666666667,-6.567784278474781,152,152,64.66006658726099
150,Merrimack,MAAC,20-9,108.29397304116573,194,107.07985420411994,124,0.5323692689677882,150,21.641267809029674,9.358732190970326,17.641267809029674,2.3587321909703256,16-2,0.3876793428534893,0.5149775151191178,0.3098860153578275,0.37271991062748067,0.5149775151191178,0.29447822815708025,0.8888853348590705,0.7854068543253502,106.44209245210267,111.00850511203251,105.93995141860391,111.22059026836534,109.94019895679686,104.8089378483167,89.36747551069462,110.40376901712769,0.08084241222054857,2.0,0.06773764378753255,1313.0,1151.0,1161.9500000000003,1.1299969878221952,0.9905761865828993,0.1558081433503545,0.8888888888888888,-4.525247971780862,106,48,63.25938529224851
151,Troy,SB,18-11,111.4080067858524,139,110.16746897033266,191,0.5321485322999263,151,19.78819677766815,11.211803222331847,11.788196777668153,6.211803222331849,10-6,0.4261608549911831,0.4831354132283941,0.3798690264234494,0.4084888179458249,0.4831354132283941,0.3545773880195251,0.8876531383556262,0.8252312011055853,108.07330824067238,109.90731015514297,107.57738392651763,110.47903832739354,109.20945977748532,109.54996565964751,128.88762570005798,107.91691393207466,0.8851532172598201,2.0,0.0384326559122492,1189.0,1128.0,1065.2124999999999,1.1162092070830938,1.0589436380065012,0.15224428078813101,0.625,-6.194246254847524,144,97,65.29302563794873
152,Harvard,Ivy,15-10,108.60429950212145,188,107.4207011546899,132,0.5314628689750726,152,16.699235994910094,11.300764005089906,9.699235994910094,4.300764005089906,8-3,0.40255418821830097,0.37355705912620746,0.43945962524460147,0.40619717972568986,0.37355705912620746,0.43883730032517204,0.884348274717358,0.8697485005684191,108.48273311655599,112.16217255876343,108.45458766295789,112.00727644515985,110.7303864025128,104.73523443746518,106.54361322404947,107.49976510233374,0.474336610881714,1.0,-0.0057292112257819605,788.0,724.0,690.5125,1.1411813689107728,1.048496587679441,0.436555442287264,0.7272727272727273,-5.990898961343171,140,193,62.53922574322572
153,Middle Tennessee,CUSA,13-14,110.70137343064337,149,109.58766842579723,177,0.5290375423751951,153,15.320552656574144,15.679447343425856,9.320552656574142,10.679447343425856,7-9,0.4803658108728492,0.5069277936434348,0.4621044477180716,0.47501000070274474,0.5069277936434348,0.45745521458536514,0.8464312791845374,0.7508622673874172,111.3878229191568,108.03911944190175,110.89566642741315,108.38851884299633,109.46276197295049,109.5288234009939,109.78500458638625,93.72542943700964,0.8604191507881638,2.0,-0.06062267227119239,1184.0,1180.0,1084.725,1.091520892392081,1.0878333218096754,0.4388582820545395,0.4375,-8.394021897819187,206,310,64.89781716064965
154,Toledo,MAC,14-13,114.2256073139992,96,113.08161180041509,252,0.5289066685242627,154,16.323871279951373,14.676128720048625,10.323871279951375,7.676128720048627,8-6,0.44910121878746406,0.4653832352167324,0.43398220353171485,0.4468654671242695,0.4653832352167324,0.43349152350193526,0.8681583225650521,0.8443998806621049,110.17550751373699,110.40274493387011,110.05286078529966,110.66018943838142,114.4470516810636,113.06015526758672,116.71666048893368,116.71849366586822,0.4999548449873228,2.0,-0.051688449491630206,1130.0,1085.0,973.2000000000002,1.1611179613645704,1.1148787505137687,0.4317741433977067,0.5714285714285714,-8.191671968789368,199,295,68.29139238302862
155,Navy,Pat,23-6,105.77595641766848,248,104.87274110330428,87,0.5246349242524853,155,24.54475126755533,6.455248732444668,16.544751267555334,1.455248732444668,15-1,0.25556848993620535,0.2945191062779368,0.22392111415854865,0.2550307602370404,0.29451910627793687,0.22651139920750415,0.9344685793641878,0.8958650988155837,104.04780727727419,115.09645537138353,104.16823230958818,115.20513909054023,106.46174792639427,102.84011229994627,94.3487254510974,93.43932291953956,0.5278170313070385,1.0,0.04530174707783141,1206.0,1004.0,1047.4875,1.1513263881430567,0.9584839914557454,0.24723367959914822,0.9375,-3.30769704494605,91,80,65.20769647379029
156,East Tennessee St.,SC,21-8,109.62757750622163,162,108.78443696679064,163,0.5221823868336352,156,22.251611508474753,8.748388491525247,14.251611508474753,3.7483884915252474,13-3,0.3101340294403784,0.3555153007164715,0.2732617465285528,0.3147457867032739,0.3555153007164715,0.2853011376937423,0.9211588930068544,0.8847774752396772,106.77454314873087,114.71596703450476,107.06412896419882,114.81102638794617,108.55439694793573,107.60104912597582,108.74650746093246,109.12725387444863,0.489952900252247,1.0,0.021466217084153083,1259.0,1105.0,1075.65,1.1704550736763817,1.0272858271742666,0.38161626701525886,0.8125,-4.854955178358307,114,125,66.08890047607828
157,UC Davis,BW,17-11,109.29016823653558,169,108.6806117490495,162,0.516074407288281,157,18.324573703463273,12.675426296536733,11.324573703463267,8.675426296536731,10-7,0.445116233177603,0.44352288455079736,0.4461472234655359,0.4556605097102194,0.4435228845507971,0.46233620354790156,0.8785975715406937,0.860427071446036,108.5005400835979,109.50135356678925,108.1739450192838,108.86651435235387,108.0221319456958,106.80532249145254,104.39165087584962,89.43001661919655,0.8555700247241418,1.0,0.040733961325929435,1307.0,1280.0,1215.8625,1.0749570777945698,1.0527506194162581,0.5540737573479727,0.5882352941176471,-6.327830289871336,147,93,68.45205155512016
158,Richmond,A10,15-13,111.73710230572874,131,111.18114908477125,209,0.5143364726007053,158,16.36560768798532,14.634392312014679,6.365607687985322,11.634392312014679,5-10,0.4838120034916019,0.3137565221911235,0.6311934206186833,0.48926362517034244,0.3137565221911235,0.6160187550997784,0.8534465970820538,0.9286945591761075,109.51742600834004,109.99446660961796,109.51232989353562,109.79441488745901,112.27856015727038,113.55678077931124,110.51621803361532,108.12727053380627,0.5624996801696573,3.0,-0.005880235319745242,1107.0,1161.0,1002.75,1.1039640987284967,1.1578160059835452,0.5401454275052539,0.3333333333333333,-7.482516724134479,180,194,67.55051912600723
159,Temple,Amer,15-12,111.60337407949825,136,111.04964233398987,206,0.5142962188593926,159,16.811792409942857,14.188207590057143,8.811792409942857,9.188207590057143,7-7,0.4495947940332772,0.4287975322906571,0.4689065370799958,0.46457844023444944,0.4287975322906571,0.49042020708274403,0.8683457749752259,0.8715328335424773,107.19976015264155,109.23972356833828,108.00202980711342,109.33714278728759,108.06644939977704,108.03928866641569,112.18804109816506,109.34036515413254,0.5733846121408699,1.0,-0.012676442076786976,984.0,978.0,917.65,1.0723042554350788,1.0657658148531575,0.5657180520923624,0.5,-7.417212112436119,178,209,64.80431156103096
160,Central Arkansas,ASun,18-11,109.00589827741607,177,108.5132650957322,158,0.513019566946195,160,19.047106650797662,11.952893349202338,14.047106650797662,3.9528933492023377,13-3,0.34984442098867546,0.47764609920296414,0.24600555743956587,0.3586070537868653,0.47764609920296414,0.27263440987523824,0.8628296866681772,0.7459621660361901,109.41921703033852,114.2785816816079,109.58418822291874,114.16742684142774,110.38375395842847,109.89953116814985,98.61638984297387,107.27532110658296,0.27530860491411563,4.0,-0.026520946692631164,1328.0,1176.0,1102.825,1.2041801736449573,1.0663523224446307,0.4856652293606171,0.8125,-6.02818625058454,141,241,67.76691606604618
161,Winthrop,BSth,20-9,112.3842313719504,121,111.89764005086073,230,0.5124723592251625,161,21.43707470388378,9.562925296116221,13.437074703883779,2.56292529611622,12-2,0.3601410024027416,0.3998135884927407,0.31763466016345676,0.35475265269954315,0.3998135884927406,0.3125080253934204,0.8704594924126975,0.8034559886901245,107.71064704901138,111.51037171557775,107.45271193863543,111.65586703135357,109.60838338615255,110.22752926905854,113.68686954656344,104.21699950914812,0.731095047448509,3.0,0.0511188968953209,1130.0,1036.0,991.2625,1.139960404030214,1.0451318394471696,0.2766215820031653,0.8571428571428571,-4.10648353572539,98,68,68.9002372602458
162,Robert Morris,Horz,19-10,111.65471012621518,135,111.43753693250096,219,0.5055972097229154,162,20.603076340807753,10.396923659192247,12.603076340807753,7.396923659192247,11-7,0.39359394742982223,0.36250583630028,0.41259223756454255,0.3845158312813071,0.36250583630028,0.396621328520872,0.9054515567326179,0.8834854467760695,109.89431903207311,113.10530454543951,109.85095815289534,113.6231812272042,111.36425653141454,111.72835664337465,111.74878878792046,128.85531729391087,0.16273421193515517,1.0,0.053349906344917875,1429.0,1370.0,1231.8125,1.1600791516566036,1.1121822517631539,0.2528831471278375,0.6111111111111112,-5.968773715789235,138,66,64.74635227232231
163,Penn,Ivy,13-11,107.83996345153676,207,107.6398866745779,136,0.5053387733261487,163,14.996588978939958,12.003411021060042,7.9965889789399585,6.003411021060041,6-5,0.4728421263248948,0.47927738842864376,0.4652368165659187,0.4602011511286228,0.47927738842864376,0.44248750220717464,0.8764445944900481,0.8538576434424692,110.39240425119144,110.49389884938157,109.62071582059758,110.3419185160384,105.3996184094067,105.32747937365117,107.5360737224379,116.83123425377198,0.2782021632686836,2.0,0.013349958549753072,811.0,796.0,746.4875,1.08642140692242,1.066327299519416,0.35907334955844633,0.5454545454545454,-6.588112405980169,157,141,68.81518518680232
164,Eastern Washington,BSky,11-17,112.88065170547148,111,112.70725851315791,247,0.5044194969751358,164,13.114056362930212,17.88594363706979,11.114056362930212,6.885943637069789,9-6,0.5140917500645759,0.5854875364254122,0.45221540188518433,0.49927749799443355,0.5854875364254122,0.437014692460949,0.8449203291827648,0.7616153626538863,110.60457015020727,109.1283426297576,110.38320618989073,109.66285156985057,112.94839165451077,108.96549213088595,116.31960831219519,111.37151506594415,0.6224371440732079,2.0,-0.0738603194598873,1163.0,1107.0,1013.775,1.1471973564153781,1.0919582747651106,0.36101114533977235,0.6,-10.677805591867818,252,329,67.73542395919664
165,Fordham,A10,16-12,103.80501662283919,271,103.95020281577538,72,0.495981796388787,165,17.10763281580848,13.892367184191523,8.107632815808477,9.892367184191523,7-8,0.3923058518622957,0.15689650525813292,0.5963272855859036,0.41400687168754946,0.15689650525813292,0.5996976918865726,0.8730359646063041,0.9782815264819791,108.25974043837203,111.15071719022296,108.52791270984312,110.49555918468253,103.72354395717937,102.81060202074055,105.15353211911007,111.13250073172324,0.34615820363978045,1.0,-0.04579856938361848,984.0,1014.0,966.875,1.0177117000646412,1.0487394957983194,0.6165497233899183,0.4666666666666667,-7.5999554274902,183,281,63.63467711662298
166,Youngstown St.,Horz,15-14,108.78700503870893,182,108.96511419145017,166,0.495296956665649,166,15.968127436046297,15.031872563953703,8.968127436046297,11.031872563953703,8-10,0.3647539557942668,0.31862193743367434,0.3929457447924066,0.3695940236825681,0.31862193743367434,0.3976286711194597,0.9092985718912575,0.8950549556329773,109.72569576548958,113.93208178556687,109.84860826035673,113.92728065040646,108.34472973853741,108.98447380877792,139.08182849476603,111.27985327743441,0.92855247212731,1.0,-0.11009075878240693,1403.0,1352.0,1238.7125,1.1326276274761091,1.0914558462920168,0.4397750080629374,0.4444444444444444,-10.30406362322731,246,356,66.95654683994371
167,Appalachian St.,SB,19-11,106.96368778880513,223,107.17834103822396,129,0.49423652639824134,167,19.483899725262596,11.516100274737404,11.483899725262596,6.516100274737405,11-6,0.35602518413794565,0.36403334387282055,0.3499012972818648,0.35860314186767306,0.36403334387282055,0.35468132930839985,0.9131289875997527,0.8900941179322641,107.34128781192935,112.36809420506447,107.31672994527409,112.2535051824326,107.26762673239236,105.85098487370836,101.80189150947061,100.80138185370518,0.5283647958172127,1.0,0.003134840260509364,1212.0,1104.0,1089.5875,1.1123475627244255,1.0132274828776944,0.4359418737594953,0.6470588235294118,-7.345624114741145,174,172,62.61688829367106
168,Montana,BSky,14-14,107.72412963321392,209,107.95657509565265,141,0.4938033701411942,168,16.720790008815303,14.279209991184697,9.720790008815303,8.279209991184697,8-7,0.4242720149845445,0.40861405984228527,0.43784224277450257,0.4257745785806075,0.40861405984228527,0.43816828655828466,0.8700647413536171,0.8222074828640735,111.80100583818086,111.338007161274,111.34948839931273,111.23517350336286,107.43446907000167,106.49303841813078,106.16902030641789,107.80890998386714,0.4560458879110659,2.0,-0.06963326249419044,1127.0,1098.0,1024.8250000000003,1.0996999487717412,1.0714024345619981,0.4397985054771955,0.5333333333333333,-9.049187542948424,225,321,68.9027179012815
169,New Mexico St.,CUSA,13-13,111.82212969075718,130,112.08578076455682,235,0.4932297982745129,169,15.0426128765268,14.9573871234732,8.042612876526798,11.9573871234732,6-10,0.4224593295642279,0.35882780195471164,0.4622290343201757,0.4303959051367965,0.35882780195471164,0.46617995672783896,0.8995383132851259,0.9067200951154906,108.6580982704908,109.42262057346584,108.6744175115482,109.4306504344365,111.77559283399195,112.80505012587,0.0,0.0,0.0,0.0,-0.07238026802654562,1197.0,1198.0,1071.0749999999998,1.1175687977032422,1.1185024391382492,0.4819836463584926,0.375,-9.274521123376847,231,325,66.01291361937172
170,Cornell,Ivy,12-12,119.64989627652344,49,119.93304797218593,344,0.49320476351251674,170,13.746781151059688,13.253218848940314,6.746781151059688,7.253218848940312,5-6,0.4099550287021136,0.3769245277119656,0.44899107532683397,0.41179916726128624,0.3769245277119656,0.4441827611285124,0.8780150366045093,0.8578424637790256,108.01047254897394,109.9714704220412,108.00199779327959,110.06954649888401,118.35525313854173,118.56042714748119,141.89017818976023,119.85902622642135,0.8744044923283736,1.0,-0.06383651556426662,908.0,896.0,763.6875,1.188968000654718,1.1732547671658893,0.42655227573466686,0.45454545454545453,-7.890521337446484,190,314,71.64807720528347
171,Tulane,Amer,17-10,108.71015683561164,187,109.04583113673317,168,0.49113720538874056,171,18.282583467644713,12.717416532355287,9.282583467644713,8.717416532355287,8-6,0.4707529302451555,0.40584797940099643,0.5310218131718747,0.4977733043754319,0.40584797940099643,0.5641638168569687,0.8696449773418896,0.9012679614838623,107.90086015074498,108.23432076645297,108.83307570934177,108.067800337296,107.62649184795178,105.6897555542106,122.92702924575428,117.99793202133522,0.6155314273108132,1.0,0.09047109353923188,1021.0,1007.0,962.8,1.0604486913169922,1.0459077690070628,0.6801608297547972,0.5714285714285714,-5.549531599278132,126,20,66.75447523308853
172,Massachusetts,MAC,15-13,110.81042785642038,147,111.18808554082294,211,0.4902194985366754,172,16.71953720705705,14.280462792942949,7.719537207057051,10.280462792942949,6-9,0.403606033471836,0.359884147790036,0.44149833439606284,0.4029236092898344,0.359884147790036,0.43400766481746667,0.9060447699290342,0.9269646184765007,108.18539170576788,111.66685853361408,107.86262773623288,111.42064765027878,110.55308825134802,113.59154613790257,121.31757774071068,115.07245503433282,0.6474324079670508,1.0,-0.06331509568699911,1200.0,1221.0,1073.7875,1.1175395504231518,1.137096492555557,0.396554316924486,0.4,-9.244627755847869,230,312,70.25317311087731
173,Oakland,Horz,15-14,114.33875669512852,94,114.75465209498185,284,0.48956297426191503,173,16.31534908860659,14.684650911393408,12.315349088606592,7.684650911393408,11-7,0.5057404375076192,0.669275405783259,0.40580240133917284,0.49438124065017164,0.669275405783259,0.3981894498269737,0.8016675982268947,0.5921272377580196,112.62783151982437,109.50933546817109,112.34588981294615,109.89527802571564,112.81520444827092,114.78313761668508,116.2242226499876,108.9889079445041,0.6768131038479476,5.0,0.039532250874754205,1487.0,1437.0,1262.8875000000003,1.1774603834466646,1.137868574991834,0.3296728862171815,0.6111111111111112,-6.586002746611378,156,94,69.91261548883521
174,Idaho,BSky,15-13,108.98257836368165,178,109.38364462286853,173,0.48944071720112325,174,16.774218953515547,14.225781046484451,8.774218953515549,9.225781046484451,7-8,0.42135887936616306,0.3960411445140313,0.44330091623801055,0.4207773335397394,0.3960411445140313,0.4386423589471952,0.8958474411563667,0.8839436125461055,109.9471988125287,111.2226938003112,110.02268061739453,111.58657404461829,107.89029424142817,109.4022377786569,0.0,0.0,0.0,0.0,-0.01677978520035328,1164.0,1145.0,1054.9875000000002,1.1033306081825611,1.0853209161245985,0.4153495724931185,0.4666666666666667,-8.717986108319664,214,219,67.51912446491465
175,FIU,CUSA,13-14,108.0273795646558,199,108.45777787591723,156,0.48857029068744456,175,14.986348203755385,16.013651796244616,7.986348203755384,12.013651796244615,6-10,0.43020663142628807,0.3697579753551409,0.47176508247520166,0.43873356991176826,0.3697579753551409,0.4766701469179132,0.8657910307792274,0.8264940827820627,109.91543695858184,109.88156175506369,109.6568637423148,109.61546759359216,106.43263058721013,107.29036369703303,110.62361684915332,113.36648985588849,0.4300466558248842,3.0,-0.08629658620781638,1235.0,1242.0,1157.575,1.0668855149774312,1.0729326393538214,0.4962904046887595,0.375,-9.15220193172241,228,344,71.81763857286828
176,Georgia Tech,ACC,11-17,107.29126880998768,218,107.75219692555127,139,0.4876778209895504,176,11.715427672361978,19.284572327638024,2.7154276723619772,15.284572327638022,2-13,0.5886588839163022,0.33397514892732644,0.8093847875734143,0.6080041625304209,0.33397514892732644,0.8059140056882116,0.7330619521425352,0.9113743839124407,111.51386528093961,106.4915592801204,111.91482843367157,106.07252725835983,107.57058857380544,108.22959914863252,110.60874964043663,104.09397643721476,0.6677682662950711,10.0,-0.03163921725242003,1080.0,1251.0,1079.85,1.000138908181692,1.15849423531046,0.7885600962621977,0.13333333333333333,-7.979504489070032,192,254,70.9181490856996
177,Kennesaw St.,CUSA,16-11,110.25511963163848,155,110.85116539791156,201,0.48450440279970775,177,18.12790481973751,12.87209518026249,10.127904819737509,9.87209518026249,8-8,0.40312940626813415,0.2872693417213409,0.4827832006440546,0.4091438315653491,0.2872693417213409,0.47617480097955367,0.8953339672428681,0.9055546118394051,108.60224768738941,110.27188779063316,108.79896210686182,110.526324589453,109.15814701525545,109.79312086578895,102.35536653983067,104.09517308341599,0.4516934172052397,1.0,0.007060571816294159,1224.0,1218.0,1119.2999999999997,1.093540605735728,1.0881801125703567,0.44974120232155024,0.5,-7.0133935531589415,168,161,71.41662610949524
178,Utah Tech,WAC,17-12,110.88563415710229,146,111.5642999781133,225,0.4824646378686554,178,18.684830252386682,13.315169747613316,11.684830252386684,6.315169747613316,10-5,0.45961642753575643,0.42403089658671306,0.49282958975486335,0.45779020297311135,0.42403089658671306,0.48404744127364324,0.8426498710939818,0.794153068989708,107.76317130549738,106.79260413476852,107.60351402989531,106.97671377982489,112.40104395802753,110.29016608186063,108.28487287703842,106.75942281003869,0.5406989567567407,3.0,0.06652815617638874,1109.0,1087.0,1021.0749999999999,1.0861102269666774,1.0645643072252284,0.4401366988675426,0.6666666666666666,-5.799657811868528,132,50,65.9364191601634
179,Oregon St.,WCC,15-14,109.20489359107053,171,110.01081266972517,186,0.47887333644659663,179,15.774109207921457,15.225890792078543,8.774109207921457,9.225890792078543,8-8,0.5663226078108514,0.48637437130311506,0.6312805499733872,0.5700273732439897,0.48637437130311506,0.630443430201288,0.8182926500172641,0.8853503655840561,110.26790953731916,107.08884532142984,110.65827127433387,107.13117175854642,108.05242964936974,110.51481894935574,113.13923310862432,118.85754913709452,0.3619236357142491,4.0,0.08427783947627132,1097.0,1184.0,1055.9625,1.0388626490050545,1.1212519383974335,0.6237464720244938,0.5,-7.2798723784066155,172,27,64.99254065896564
180,Western Kentucky,CUSA,16-11,107.22342836026442,220,108.04513557099685,143,0.4780655066368195,180,18.146020894336964,12.853979105663042,11.146020894336958,8.85397910566304,9-7,0.46097781189433734,0.4106698889544555,0.4955645089155062,0.45812367901178264,0.4106698889544552,0.48422326354331285,0.8754902541688732,0.8561694612272652,110.68928764742527,110.49332254177912,110.31045176184263,110.49216291526665,105.86869911146394,108.27516991473877,106.53930645159885,91.85808651340649,0.8461990198852095,1.0,0.06816278672611498,1190.0,1181.0,1101.8625000000002,1.0799895631260705,1.0718215748335203,0.4388582820545395,0.5625,-6.201445270406774,145,47,69.16342777111078
181,UT Arlington,WAC,15-12,103.13616925238122,289,103.981289451621,73,0.4765548276636235,181,16.14081715462781,13.85918284537219,8.140817154627811,9.85918284537219,7-8,0.4672139034713582,0.4577837468418798,0.47475802877494094,0.47341007859606254,0.4577837468418798,0.4838276330988511,0.8630042621001005,0.8438551712699026,108.71329633885027,108.3087948522644,108.35525546884273,107.86887225015427,103.68781687593547,104.99774494240324,86.00958022234998,93.65130632879854,0.2731147807073969,1.0,0.042540810372378446,1049.0,1048.0,1021.4625,1.0269588947220285,1.0259799062618549,0.5291756547184013,0.4666666666666667,-6.979988677900784,166,86,64.99486884937971
182,St. Bonaventure,A10,14-13,113.93877359587265,99,114.89740069606712,285,0.47593091335408744,182,15.40909832270004,15.590901677299962,4.409098322700038,13.590901677299962,3-11,0.49474627926873666,0.3937667935414326,0.5885129445869477,0.5132315746264555,0.3937667935414326,0.5995116942989722,0.8477303941545257,0.8963459265376662,109.19956084295951,108.480455150862,109.62175281972499,108.21253520146105,114.04251392283416,117.25495266372636,111.2096796780067,115.89893643607452,0.38344219434494237,3.0,0.023014393871057304,1055.0,1115.0,950.0125,1.1105117037933712,1.1736687675162167,0.6380073182910586,0.21428571428571427,-7.61147274319855,184,122,66.80650580122003
183,Charlotte,Amer,14-13,112.63861347148537,112,113.8240401809528,262,0.46993745268200277,183,15.43260312174665,15.56739687825335,9.43260312174665,8.567396878253348,8-6,0.47036608298105353,0.4617588704633207,0.47835849460466257,0.49123033700916424,0.4617588704633207,0.5125152850700512,0.8558558175064515,0.8660028056867849,109.24326244847576,109.96254953221754,109.42757479255313,109.25957249129247,112.23774661808588,114.03139228369517,108.50067494091802,110.59430407869836,0.4452725783993698,3.0,0.004059586847883101,1044.0,1053.0,923.9875,1.1298854151165465,1.139625806626172,0.6320640516989119,0.5714285714285714,-7.995607120856439,194,169,63.37432481369369
184,Charleston,CAA,19-10,106.49282871568983,235,107.67420907557491,138,0.4683242175725552,184,19.85325657027129,11.146743429728707,12.853256570271293,5.146743429728708,12-4,0.425394630235162,0.4380272380364041,0.4151306363966526,0.42899989664280797,0.4380272380364041,0.4224801500807662,0.8930938595064182,0.8739394051672686,109.1776967556709,112.04172717436485,109.04688745972777,111.76643278883516,105.30015203976134,104.63482771696744,117.85910408928808,107.70956926691302,0.7379985139596863,1.0,0.1000254337956924,1213.0,1152.0,1118.375,1.0846093662680227,1.0300659438918074,0.48127625955367515,0.75,-5.692967056684598,131,13,67.48535499081633
185,Green Bay,Horz,16-14,113.20508505516136,106,114.75420639469453,283,0.4610040260979939,185,16.613143479611495,14.386856520388504,11.613143479611496,8.386856520388504,11-8,0.4381125119316866,0.5040837441175717,0.39991864066617416,0.43756710149137995,0.5040837441175717,0.4009829480469745,0.8755181733018539,0.8021308365982383,111.48542108745967,112.44064492573989,111.34360566972342,112.36964546885368,112.75080186764161,113.09501751669667,100.51741796292913,107.48561664977925,0.31630625589913197,2.0,0.013177422518086068,1441.0,1419.0,1242.7124999999999,1.1595602361769115,1.1418570264642869,0.42120478828218094,0.5789473684210527,-8.81906744877522,218,142,62.81728585642014
186,Marist,MAAC,18-10,100.82722483805179,321,102.26967015716778,47,0.45925193683491056,186,18.744033382657616,10.255966617342384,12.744033382657616,7.255966617342384,12-7,0.30503486220575826,0.32415997952338294,0.29597559610793595,0.3042628160252137,0.32415997952338294,0.2953090924510374,0.9363753712227623,0.9181328112078481,104.9663502796112,113.71479223811059,104.88827722295586,113.6339344753151,98.51083724093739,101.33375444006019,0.0,0.0,0.0,0.0,-0.01715595551908211,1304.0,1212.0,1260.9875000000002,1.0341101715917087,0.9611514785039501,0.282645522969966,0.631578947368421,-7.3442581792663,173,220,65.90638067950043
187,Siena,MAAC,19-10,109.45383270444127,165,111.18775995746371,210,0.4549349222539383,187,20.444232288274527,10.555767711725474,13.444232288274526,6.5557677117254745,12-6,0.308791285864715,0.3368475417662166,0.2916457961471306,0.30318955480993653,0.3368475417662166,0.2846776619839825,0.9273444708406977,0.8916878578935351,103.82242248388317,112.52345435629243,103.8036264857405,112.94666983697006,111.77747426510288,111.39713986495771,91.70951360621655,105.61004630747259,0.16479638212281855,1.0,0.007484408029162837,1314.0,1194.0,1145.65,1.1469471479073015,1.0422031161349452,0.2219644545156492,0.6666666666666666,-6.978241049224449,165,156,64.26863433755038
188,Furman,SC,18-11,106.32732521452823,240,108.12847627152479,147,0.4518559304487317,188,19.38207433887616,11.617925661123842,10.382074338876158,7.617925661123841,9-7,0.32914099446922196,0.3672522250028972,0.29817561966061096,0.32410566812426644,0.3672522250028972,0.2929442659341443,0.929809797770637,0.9094627783722692,108.42260403874194,114.84055613956058,108.14165001887784,115.06747719181315,104.79110916478251,106.6523428989801,0.0,0.0,0.0,0.0,-0.016475854131378087,1196.0,1128.0,1076.375,1.111136917895715,1.047961909185925,0.2510934361224109,0.5625,-7.987839729422616,193,218,65.97977440559305
189,Missouri St.,CUSA,13-14,108.5629546062807,190,110.41529493382983,194,0.45151236210868445,189,14.85450901957264,16.145490980427358,8.85450901957264,11.14549098042736,7-9,0.4106172120196589,0.34417694642680263,0.45629489461474765,0.42167181752534927,0.34417694642680263,0.46429399662954995,0.8939400663332692,0.8985173588905172,108.55301578410801,110.0665214433002,108.48907416419436,109.77400446922346,109.94467155465021,109.04988734204798,113.36531499749316,127.71841883771359,0.20246739815485862,1.0,-0.07569063185101249,1213.0,1192.0,1099.5625,1.1031660319445233,1.0840675268572728,0.49629040468875946,0.4375,-10.027931563102477,244,333,65.34738598986439
190,Texas A&M Corpus Chris,Slnd,14-14,102.3486984633453,297,104.1422626253285,74,0.45022015846712987,190,16.24915772020725,14.75084227979275,12.24915772020725,9.75084227979275,10-9,0.43458409686605,0.43374458453435155,0.43498176060211746,0.41407430625633607,0.43374458453435155,0.40602737423351143,0.8572028908957909,0.7585038401387899,110.41156738378969,109.44591849140572,109.30545143577807,109.75427624727251,102.57930395012647,102.72063455621601,92.55076890214951,91.72212554713613,0.5258339051084951,3.0,-0.022667201848342144,1310.0,1289.0,1265.3625,1.035276452400004,1.0186804176668742,0.22264959389900585,0.5263157894736842,-8.334283870439426,205,231,66.38034509708999
191,South Alabama,SB,20-9,107.41484993212086,214,109.30905389124604,171,0.44991130887105646,191,21.66656917384428,9.33343082615572,11.66656917384428,6.33343082615572,10-6,0.3635714507769626,0.32862872455840153,0.3919624158295434,0.35172673611024824,0.32862872455840153,0.36840863334213747,0.921959986932485,0.9213986891418015,106.61261323566201,111.81119864123494,106.23587227249287,112.17064291101286,106.08381323623581,109.31269407514264,0.0,0.0,0.0,0.0,0.1037770715707067,1179.0,1150.0,1081.225,1.0904298365280123,1.0636084071308007,0.17997837344289033,0.625,-5.50790658206639,125,12,64.54696008393469
192,Weber St.,BSky,15-14,112.03605196172428,124,114.12932283656698,269,0.44697950988632706,192,15.757404377888722,15.242595622111278,9.757404377888722,8.242595622111278,9-7,0.42407008440427574,0.40945500331695245,0.435944837787726,0.42908242217081705,0.40945500331695245,0.4432577802319417,0.8781989418318805,0.8441779514500547,108.75495858069227,110.82361538858628,108.75286665773947,110.68941262246733,112.21495293740402,114.09556081583011,113.09375197578632,100.44476251402705,0.7964099525571696,1.0,-0.02369678262047159,1290.0,1271.0,1122.4250000000002,1.1492972804419002,1.1323696460788024,0.501761319785667,0.5625,-9.209141776861312,229,236,68.17786640944689
193,Portland,WCC,12-17,107.21792025216578,221,109.25840647078687,169,0.44601072350961757,193,12.71915416368675,18.28084583631325,5.719154163686749,12.28084583631325,5-11,0.5491426538238899,0.4378041739166172,0.6396051687485491,0.5550353205897558,0.4378041739166172,0.6397022598536892,0.804219701140697,0.8756768683492407,111.63714520424459,107.34393175941288,111.87896286006163,107.1349013325136,108.06711342739962,108.61528129588773,120.51678435480292,107.14562929204585,0.7945219132616163,4.0,-0.007213506479139764,1117.0,1223.0,1086.25,1.0283084004602991,1.1258918296892981,0.6404789886948106,0.3125,-9.923897313064675,240,197,68.37586906228539
194,New Orleans,Slnd,13-15,110.12654983046136,157,112.29683347843616,240,0.44412723818935307,194,14.27726223327351,16.722737766726492,12.27726223327351,9.72273776672649,11-8,0.49861140821830263,0.7444558240656947,0.38215879018532717,0.504665513355411,0.7444558240656947,0.4065694771557492,0.8107009870645621,0.5987841314212755,109.31813685926419,108.33440501767515,109.27899505293075,108.13890396968701,110.18226986467299,113.01475168314578,100.46358193715182,103.29215570360857,0.4208437578081406,4.0,0.02327048123063019,1476.0,1455.0,1329.2250000000001,1.110421486204367,1.0946228065225976,0.5611704946350892,0.5789473684210527,-8.204119789630035,202,121,69.65367993102645
195,Marshall,SB,18-11,112.62055097943326,114,115.07640419757237,286,0.43829639902001116,195,19.489176928291002,11.510823071709002,11.489176928290998,6.510823071709002,10-6,0.4176367819233616,0.4528197167560292,0.38905064737181927,0.4078011684458715,0.4528197167560291,0.3752877724440911,0.8950035091499343,0.8580111380439566,108.11421453042321,110.75249474767983,107.94243679707657,111.06106895492995,113.52299201035652,115.66252114727217,115.54207897909286,123.4610239943753,0.3181377129125123,1.0,0.09133234984715577,1289.0,1235.0,1115.35,1.1556910386874075,1.1072757430403013,0.26518477302226573,0.625,-6.58417414994325,155,18,69.2138989963232
196,Jacksonville St.,CUSA,13-14,106.88286251379664,225,109.38941801172378,174,0.43374746724118385,196,14.945916410581075,16.054083589418923,9.945916410581075,10.054083589418925,8-8,0.39884108537011387,0.2832823386587933,0.47828772373414674,0.40540884239610564,0.2832823386587933,0.47257841945162743,0.9064341398457233,0.9359669781650699,108.06523682022527,110.32812666657885,108.33866707786399,110.5745293402636,108.27763298916558,108.14372752374847,0.0,0.0,0.0,0.0,-0.06935021356691101,1144.0,1135.0,1060.525,1.0787110157704909,1.0702246528841846,0.4497412023215501,0.5,-10.357070442280714,248,320,64.76467402670741
197,Columbia,Ivy,15-10,109.08205493418603,175,111.64196200512453,226,0.4337025001402937,197,16.42357329196563,11.576426708034372,5.42357329196563,8.57642670803437,4-7,0.38609728204539323,0.34158502189166484,0.44274924951377465,0.39704224032212604,0.3415850218916648,0.4524994587525872,0.8834693155586907,0.8731728926430996,109.30733451948895,112.19165096538518,109.26688820915719,111.87586529013701,107.36342915011865,115.50908211465203,98.50375847334298,108.42734575625174,0.24902209045000356,2.0,0.04214055470937894,803.0,864.0,740.3500000000001,1.0846221381778887,1.1670156007293846,0.4882502259615665,0.36363636363636365,-6.115056065729482,143,87,66.48994593411285
198,La Salle,A10,8-19,103.99042071764869,269,106.46894355793248,111,0.43269173581334275,198,9.264565757059046,21.735434242940958,5.264565757059043,12.735434242940954,4-10,0.5766534048459966,0.5238459766317558,0.6256888739020773,0.5844406208915033,0.5238459766317556,0.6282034195235432,0.7968339230448844,0.8011628532974479,111.81167054410068,106.81338890164686,111.65267706410434,106.57087415321183,103.8345736861386,104.2865583376401,100.84913765750998,107.3635139349945,0.327428452895149,4.0,-0.07492212392167458,902.0,994.0,915.3374999999999,0.9854288718642032,1.0859382468215277,0.637004329198674,0.2857142857142857,-11.7814121864411,278,331,64.50807607957046
199,Campbell,CAA,13-15,110.47336828895352,154,113.17359115326832,253,0.43101622487625285,199,14.517557184505387,16.48244281549462,8.517557184505385,9.482442815494615,7-8,0.4786686864376045,0.5196783887855743,0.44312694440269784,0.4712394282185034,0.5196783887855739,0.4362557344756195,0.8364428300190109,0.7509975222940862,110.19357515317256,108.84838947380605,109.61347486771278,108.86142649701041,112.16988488034852,112.54084096642106,97.16513557618471,112.56973412032802,0.15546695272499758,5.0,-0.006719537297895928,1178.0,1167.0,1045.35,1.1268952982254747,1.1163725068158992,0.4018996848402277,0.4666666666666667,-8.773458621533674,216,196,69.87020218231892
200,Mercer,SC,18-11,111.86633915444762,128,114.61373808291903,280,0.430693181899243,200,18.982513721276927,12.017486278723075,10.982513721276925,7.017486278723076,10-6,0.34881565395197106,0.4369340809256351,0.2772194320358689,0.3546635910319398,0.4369340809256351,0.2952460149976041,0.8848886111802566,0.8034166815263508,108.64793144946164,113.63969166869654,108.74949686788133,113.55332488959006,111.87856072357688,115.9943328709496,103.12067626862246,98.86387789415038,0.6188792223619339,3.0,0.022752912887086585,1329.0,1230.0,1102.7875000000001,1.2051279144894187,1.1153554061865951,0.4394586786914858,0.625,-6.570987876311929,153,123,69.08444875708504
201,Drexel,CAA,15-14,103.80137787800139,272,106.36956073246829,109,0.4301933367950962,201,15.805241037552545,15.194758962447457,9.805241037552545,8.194758962447457,9-7,0.38066048355976306,0.3376942530885142,0.4155705458176529,0.39173719082582836,0.3376942530885142,0.4307682014138886,0.9103757504346311,0.9228653950162489,105.99822160638266,110.73561390569762,106.43404910118801,110.6982281496725,101.96469397234058,102.54650177294086,0.0,0.0,0.0,0.0,-0.04586406584003655,1058.0,1047.0,1030.375,1.0268106271988353,1.0161349023413806,0.5523494461837742,0.5625,-10.450160929704456,249,282,64.19076038051442
202,Northern Kentucky,Horz,17-12,107.20630657213505,222,109.93999595454396,184,0.4281101303695953,202,18.06328345575368,12.936716544246323,10.063283455753677,9.936716544246323,9-9,0.3650419719368311,0.3007995692606496,0.40430121801671964,0.36751119173762126,0.3007995692606495,0.4042025840999556,0.9059885074603125,0.8899919539053018,110.46441171950008,114.15972021868384,110.62969299381139,114.36994423090705,106.90495731740344,109.1366085903311,99.98972845419159,115.38945424014042,0.1614710478586247,1.0,0.007479421018596777,1453.0,1398.0,1293.9875,1.1228856538413239,1.08038137926371,0.40331487884907924,0.5,-8.196150250580123,200,157,69.4226793256516
203,Towson,CAA,14-14,102.99205860096481,291,105.64187601703986,99,0.42748149480431324,203,15.729039974887431,15.270960025112569,7.729039974887432,10.270960025112569,6-9,0.4465118439842944,0.4628629388790787,0.4323408950754814,0.4397218328818357,0.4628629388790787,0.423008811883827,0.8565908851864407,0.7849118786193572,109.95080822935708,109.79014013405794,109.88748757216283,110.2754538365131,102.17186874482785,105.65849849063837,93.98281946997986,102.19391007427548,0.27622974662552946,3.0,0.0009896178414337542,1005.0,1014.0,976.6,1.029080483309441,1.03829612942863,0.37634839592555486,0.4,-8.538068849779386,211,179,63.79332881533344
204,Howard,MEAC,18-10,103.38366846911902,281,106.2364916318408,106,0.4223734777136809,204,20.449154535287214,10.550845464712783,10.449154535287217,3.5508454647127836,8-3,0.24042166180597166,0.3437408105447429,0.08074661375514335,0.2286131052734233,0.343740810544743,0.08881517744396371,0.9225759727674666,0.8690117418266802,102.63555969379559,113.8983303440444,102.14317335628543,114.49813668884964,103.02639048355826,103.58713287716358,100.67082597797581,112.57784142331813,0.21660325617693715,2.0,-0.07662665101168487,873.0,681.0,771.2750000000001,1.1318919970179246,0.8829535509383811,0.11839991096963837,0.7272727272727273,-7.015433837554748,169,336,68.94348195457863
205,Tarleton St.,WAC,14-14,104.03719715170493,267,106.94254086086477,120,0.4214688129472977,205,14.913482333757877,16.086517666242123,5.913482333757875,12.086517666242123,5-10,0.4280045428408622,0.3830714677098287,0.4669465412877579,0.44733796963126127,0.3830714677098287,0.493752665463407,0.8538027233544379,0.8218593792745487,108.01783679842094,107.85824365356962,108.01502944993298,107.27417353017957,101.95441325480091,106.68483017110727,105.76764997607013,113.17402371081188,0.3146772163548247,4.0,-0.020478402232161796,1060.0,1118.0,1064.3625,0.9959013024228118,1.0503940151968902,0.6277832863416529,0.3333333333333333,-8.852726380615223,221,227,69.52088235796586
206,Quinnipiac,MAAC,18-11,104.10518118553895,265,107.05777305971422,123,0.42028121150718817,206,19.48926421223952,11.510735787760483,12.489264212239517,7.510735787760482,11-7,0.3562628599081817,0.44885723857810816,0.29967740627656003,0.3433302975496122,0.44885723857810816,0.28529047998393947,0.896919245453309,0.8106250483672016,105.88480942657927,112.01720073308702,105.4030825603321,112.16910901989398,102.27901953228383,105.94425796188327,115.41323452146287,113.68984430435967,0.5431466660000339,2.0,0.03641218073297148,1330.0,1256.0,1247.425,1.0661963645108925,1.0068741607711886,0.1558081433503545,0.6111111111111112,-6.78734469062787,163,103,69.85554508337819
207,Monmouth,CAA,14-14,105.17021529564445,254,108.19340486797842,149,0.41923534258407485,207,15.912452770901332,15.087547229098668,9.912452770901332,8.087547229098668,8-7,0.4193476680343605,0.37869941890090825,0.454576150616686,0.40878213981555056,0.37869941890090825,0.43050854936501465,0.8971025332885086,0.8898027040008932,106.8776814543099,109.62119282234443,107.03306636982607,110.28746271701672,103.77264336593176,105.21634812775623,106.91243409140617,102.78717248446787,0.6112382117235418,2.0,-0.008546281695706481,1068.0,1058.0,1026.8874999999998,1.0400360312108192,1.0302978661245756,0.31017054310665765,0.5333333333333333,-9.683373495544652,235,201,66.86771867111254
208,Cal St. Fullerton,BW,15-14,108.27686566206785,195,111.54768824187258,223,0.4152635611195313,208,16.113240691838417,15.886759308161583,11.113240691838417,8.886759308161583,10-7,0.48212748737470973,0.522421314388208,0.45368478595341677,0.49103333351789835,0.522421314388208,0.4722005449957125,0.8545898121890337,0.8038679952908248,109.9823482092508,109.113583367094,109.74260425232282,108.6695420932167,107.07891665731097,109.93670132800246,92.68963037311651,113.96295370596681,0.08501394865884183,2.0,0.07104551105136814,1349.0,1338.0,1255.725,1.074279798522766,1.0655199187720241,0.5771231795687212,0.5882352941176471,-8.157889405665637,196,42,72.71108900486622
209,James Madison,SB,16-13,109.77318915212163,161,113.18560844693091,254,0.41288633759355603,209,17.431695698274005,13.568304301725993,9.431695698274007,8.568304301725993,8-8,0.39853359457439036,0.39822980001542374,0.3987804276535507,0.39047035748380277,0.39822980001542374,0.38486631565540974,0.8933880059471861,0.8559170763876492,107.26080271009945,111.13218763716986,107.03155753552917,111.26672554554503,107.7639893797375,111.2704704044917,111.74250208103273,110.93164949918737,0.5209260904629054,2.0,0.02878107963738008,1170.0,1154.0,1071.1750000000002,1.0922585011786121,1.077321632786426,0.2735534196702823,0.5,-8.554971266821637,212,114,65.24533649010726
210,Queens,ASun,17-12,114.9769734434816,88,118.71842338490329,332,0.4089614972181545,210,17.79217055650428,13.207829443495715,12.792170556504283,5.207829443495717,12-4,0.3740456860920745,0.5257754223114147,0.25076527541386046,0.3790217947029654,0.5257754223114148,0.27303306365241836,0.8516620984804083,0.7126053711137338,109.5002687602955,114.44895089968915,109.5730998809255,114.33847488680864,113.9825942668006,115.77298069330179,110.79991553857774,125.7841350535705,0.1886702270188988,5.0,0.02089007907315199,1379.0,1261.0,1122.9375,1.228029164579507,1.1229476262035956,0.45117536956088167,0.75,-6.571611642485385,154,128,69.2304875910947
211,Stony Brook,CAA,17-11,106.43297950506968,236,109.90031019261296,183,0.4088626122817863,211,18.121895629804534,12.878104370195466,10.121895629804534,7.878104370195465,9-6,0.38371571920577974,0.36518010024898484,0.39977992230166853,0.39802255512515455,0.36518010024898484,0.42174210586905475,0.9034532853623215,0.9000461982362349,106.59135258000805,110.47229631850733,106.74482105413861,110.0616076752783,106.80932582531953,109.70081975277812,0.0,0.0,0.0,0.0,0.0605083202840917,1093.0,1084.0,1005.95,1.0865351160594463,1.0775883493215368,0.5315530237059861,0.6,-7.361037397879592,177,54,65.54874233941082
212,Denver,Sum,15-15,116.36634674562536,75,120.18578912791568,347,0.4082034427080424,212,15.670223581527411,15.329776418472589,8.670223581527411,7.329776418472589,8-7,0.42749575916343896,0.49430418443690205,0.3606873338899758,0.4201917526141176,0.49430418443690205,0.3507113477802572,0.8531265360641511,0.779124206324238,110.16892979504013,111.04545410902254,109.84118411128534,111.14612942403377,115.98807068115538,118.00534611854248,112.02566659956321,109.8058977234256,0.5572869244320496,3.0,-0.004693330641123983,1241.0,1186.0,1029.5874999999999,1.2053370888826838,1.1519176369176978,0.2010715561344776,0.5333333333333333,-9.091260949420302,226,190,67.63093737367957
213,Lipscomb,ASun,18-11,106.7457482989096,228,110.40048655457609,193,0.4044049504792598,213,19.12120916179195,11.878790838208051,12.121209161791949,5.87879083820805,11-5,0.369196799161105,0.46721123374206636,0.2895600710640737,0.36368378917930094,0.46721123374206636,0.2889139681061924,0.8667082236714349,0.7571065476249937,109.74605988768005,113.6535946501334,109.59413767229763,113.85525068060028,105.88058227479848,111.44814354234515,99.62673974177972,104.16911299435061,0.37455417841104344,4.0,0.06110000939726401,1276.0,1201.0,1111.2125,1.1482952180613517,1.08080137687436,0.28374514444314225,0.6875,-5.971752602609279,139,53,69.6646388566269
214,Indiana St.,MVC,10-19,107.66079839710179,211,111.39171586476701,216,0.40328996653528565,214,10.596939914807706,20.403060085192294,3.5969399148077064,16.403060085192294,3-15,0.46485358571934493,0.2982425995883643,0.5666714105771665,0.47502754999427904,0.2982425995883643,0.5722592727175322,0.8518480907606415,0.8780591016325997,108.36725956162373,108.03616009664357,108.22748878587556,107.60736496284106,108.84568712987318,112.39582470039029,101.57370311027712,106.33897271939325,0.3711602610059216,2.0,-0.1180099365952958,1329.0,1432.0,1263.375,1.051944197091125,1.133471851192243,0.6225500319808233,0.16666666666666666,-13.312684398244802,304,359,68.18577831579098
215,Buffalo,MAC,16-11,112.44419751577983,118,116.43037374638652,305,0.40116381319678573,215,17.748983895376554,13.251016104623448,7.7489838953765515,10.251016104623448,6-8,0.3631629757981012,0.2863317103803941,0.434506293685972,0.3800194732713928,0.2863317103803941,0.4476828575815585,0.9038127141743449,0.9358534006283493,106.70535992171003,111.64392278272675,107.278569226192,111.50902657567262,112.92755772202774,115.19568703836111,0.0,0.0,0.0,0.0,0.031988848324407626,1109.0,1096.0,966.7749999999999,1.1471128235628767,1.1336660546662876,0.4938008312161113,0.42857142857142855,-7.646775201324982,185,110,66.06333643203307
216,Detroit Mercy,Horz,14-13,109.33456195519642,168,113.3913286528541,257,0.3967627219939212,216,14.535101582220966,14.464898417779036,11.535101582220966,8.464898417779034,11-7,0.41705662808438076,0.4731853127784753,0.3889922857373337,0.42772962947118137,0.4731853127784753,0.4072745719828993,0.8744947720979944,0.7870883021684575,110.03859764355519,111.90313329878356,110.36653048069148,111.88259344592372,109.3713894451689,111.5585870896839,98.30914791091327,108.6416900952786,0.24061905255717647,1.0,0.018893562259469143,1427.0,1406.0,1255.4250000000002,1.1366668658024173,1.119939462731744,0.5718151481929897,0.6111111111111112,-8.523354673093474,210,133,69.07411669383728
217,San Diego,WCC,11-18,108.76120715202126,184,112.87431780547504,249,0.3948709201566339,217,11.589120209526326,19.410879790473675,5.589120209526326,12.410879790473674,5-11,0.5152021190346513,0.38966967753860554,0.6171972277501885,0.5166069006352457,0.38966967753860554,0.6082837839828191,0.8256562381394296,0.8887070072144072,110.47379170916753,107.50603551770892,110.41478229552678,107.55454063000967,108.91978257844016,110.5903560638917,105.49758808326357,112.15319896615885,0.3310270620738912,5.0,-0.04307074374049624,1185.0,1280.0,1127.4750000000001,1.0510210869420606,1.1352801614226478,0.5369762338438648,0.3125,-11.27821600252393,267,274,68.52390433258428
218,Ohio,MAC,15-13,108.22643233043513,197,112.41692240380182,243,0.3924866054191429,218,16.061367183175914,14.938632816824086,10.061367183175914,7.9386328168240885,9-6,0.42496757633826204,0.4411695206539012,0.41092589126470813,0.4390045196178138,0.44116952065390136,0.43744090775841726,0.8705938047900665,0.8379527552586008,108.77475181203212,110.1597338813812,109.33401639576377,110.27750950548551,106.63141106933259,110.67472260736471,111.16145820891651,115.97193632959777,0.3805553132308591,2.0,0.036974849965111856,1144.0,1141.0,1050.325,1.0891866803132364,1.086330421536191,0.5700159902269626,0.6,-8.191623165142436,198,100,68.5350718853232
219,San Jose St.,MWC,7-20,110.77457567379315,148,115.14904048198693,288,0.39045618332805787,219,8.580374525434967,22.41962547456503,3.5803745254349675,16.419625474565034,2-14,0.6296400329952206,0.5004239487569436,0.718476090909036,0.6157929335835585,0.5004239487569436,0.6792458752381964,0.7709556946538701,0.8207347535226703,113.43556419060072,106.16362047819509,112.96072215567193,106.59762335252023,110.09494188848954,115.06118876835629,109.46574293304337,115.21312242286491,0.35698414446271765,7.0,-0.055898088454542916,1077.0,1277.0,1047.1125,1.0285427783547614,1.219544222803185,0.5223250125548384,0.125,-11.47130723009995,273,303,64.43189580495029
220,South Dakota St.,Sum,13-16,108.4261928994577,191,112.74975336974087,248,0.3894409791036754,220,14.30287488453004,16.697125115469962,7.3028748845300395,8.69712511546996,6-8,0.4056136079535655,0.4357769550926252,0.3732957360188585,0.39305916447251726,0.4357769550926252,0.353011235766166,0.87973793982351,0.8348601838238235,109.07291351886418,110.89040878250216,108.50499229936966,111.14426793773612,107.88426571981702,113.81486072635741,112.74023933198617,108.17273810072636,0.6167097215596115,1.0,-0.06765592825850009,1082.0,1052.0,945.2875000000001,1.144625312404956,1.1128889359057428,0.21101973399731852,0.42857142857142855,-11.148272263061646,261,319,67.1154271098102
221,Bethune Cookman,SWAC,15-13,104.4920530884506,261,108.67049390688409,161,0.3891451779973117,221,16.50910702005486,14.490892979945139,13.509107020054861,4.49089297994514,12-3,0.390164496116667,0.6311536686491149,0.18130721325521199,0.3835460779598439,0.6311536686491149,0.2047183735731481,0.8279969623216371,0.6348261357292676,107.54562514427127,111.08194312376982,107.0421781931509,110.92159215836182,103.39067322965245,105.56064602590872,100.928111466476,113.5912164033566,0.20435841884009945,6.0,-0.007221175537220015,1185.0,1047.0,1080.9624999999999,1.0962452444002453,0.9685812412549003,0.3217741751628287,0.8,-6.781901238613852,162,198,68.46587001197837
222,Drake,MVC,12-17,110.03796911326295,160,114.6840678437078,281,0.383294077633245,222,12.520227470071122,18.47977252992888,6.520227470071122,13.479772529928878,6-12,0.48415500361131536,0.3488171304026025,0.5668614816833064,0.4942388108512284,0.3488171304026025,0.5742207350979724,0.868099268147737,0.9249171916915635,108.79230922588901,108.44734006173218,108.74055017122573,108.05515870113135,108.16950491324178,114.25429687308663,132.44637085906336,132.2446363602618,0.5043822565130146,1.0,-0.02467804601715068,1320.0,1428.0,1251.5749999999998,1.0546711143958614,1.1409623873918864,0.640454015829967,0.3333333333333333,-11.722156420168313,274,237,67.09992130481845
223,Rice,Amer,11-16,110.60891192993196,152,115.299006870337,289,0.38282521838305744,223,12.588401054616757,18.411598945383243,6.588401054616758,11.411598945383243,5-9,0.4585484376210204,0.3940289186270651,0.518459419543979,0.46486835496966666,0.3940289186270651,0.5160301701059903,0.8644364695426641,0.8700363860963307,109.13126145387876,108.922153635474,109.03598663724854,108.98806739670667,112.08540097626816,116.19800385227799,99.52937636505439,117.97280979199587,0.12400751779472201,2.0,-0.052164836931840264,1027.0,1090.0,931.5374999999998,1.102478429478148,1.1701085570897578,0.5075277970730293,0.35714285714285715,-11.08948036025979,259,297,65.36522369042787
224,Lamar,Slnd,12-16,106.72759950645698,229,111.35247772329083,215,0.3804025778190227,224,13.760891979175598,17.2391080208244,8.760891979175598,13.239108020824402,7-12,0.4175871246972875,0.3847485857309004,0.433142222102418,0.40426365292466765,0.3847485857309004,0.41224708950393585,0.8828626515004843,0.8516765320522326,107.46919794578837,109.57799057662896,107.43059945430376,110.2717841615933,106.12803845088706,111.04899566162113,113.60356501399988,114.62832724115755,0.4742052212598677,3.0,-0.0664527520272673,1321.0,1325.0,1230.9624999999999,1.0731439828589417,1.076393472587508,0.2799112497135485,0.3684210526315789,-11.245537225117284,265,318,64.91865157554952
225,Cal Poly,BW,12-16,108.84764311273364,180,113.63874384249061,260,0.3786301194589441,225,13.896028876201733,18.103971123798264,9.896028876201733,10.103971123798267,8-8,0.49429864074026836,0.5068049485516063,0.48491890988176495,0.48742272215699234,0.5068049485516064,0.4757933863202239,0.8540371424548786,0.8041902332386831,109.31675918802739,107.76453882990859,108.66995365882724,107.79536659458378,109.01389977672929,114.10081594530304,107.70116839294676,110.91908276464474,0.4161578633559632,2.0,0.0224712774222951,1302.0,1334.0,1197.5625,1.0872083920463442,1.1139293356296645,0.43929129207406015,0.5,-10.323781423884006,247,124,73.61883780524573
226,Nebraska Omaha,Sum,15-14,109.130201568302,172,113.99182174293108,265,0.37725217069196587,226,15.671303130292102,15.328696869707898,8.671303130292102,7.328696869707898,8-6,0.37203316469289843,0.4073827498252901,0.3341586091939073,0.38009186255785293,0.4073827498252901,0.3545066557446304,0.89740261557818,0.8718291208527483,108.97715340299919,112.29250449786169,109.16200274647507,112.23504114597408,109.26677617292242,112.46074138512961,98.34396005119764,114.92781293769225,0.1428178366615473,1.0,-0.018837072983070025,1097.0,1066.0,964.7,1.1371410801285373,1.1050067378459625,0.4969429815996925,0.5714285714285714,-9.943248487123002,242,224,67.20130806651738
227,Coastal Carolina,SB,17-12,102.39242169539327,295,107.04318008662914,122,0.3750000462937462,227,17.842288408282943,13.157711591717058,9.842288408282942,8.157711591717058,9-7,0.38164283970887664,0.4086179229190424,0.359725584600617,0.3820351022216894,0.4086179229190424,0.36283639838471227,0.907917325025501,0.8764648623121462,107.0393630698999,111.73164304214184,106.99058091557093,111.66290517243719,102.59715946225606,107.2410971074965,98.28632256824976,122.03283509164919,0.07665694619237737,1.0,0.07487309755188931,1141.0,1148.0,1093.075,1.0438442009926125,1.0502481531459416,0.3877229086574747,0.5625,-8.185432938550377,197,38,67.14190486105758
228,UMBC,AE,18-8,106.07446977098806,243,111.01203129834042,204,0.3721001314374083,228,20.035330734773403,8.964669265226595,13.035330734773405,2.9646692652265956,11-2,0.2400577366723908,0.3204347628647755,0.1596807104800061,0.23528306677959154,0.3204347628647755,0.16609731371037956,0.9292915194881521,0.8740626413786307,102.69180144510857,115.1081911484959,102.51440882904001,115.2779248346238,106.74597152328373,108.86134750543053,101.57962970977309,115.70924618859847,0.182764098738686,1.0,0.004854914514096809,968.0,845.0,853.0625000000001,1.1347351454318997,0.9905487581507801,0.19390259437533128,0.8461538461538461,-5.374553501980462,124,167,65.80233491876689
229,Eastern Michigan,MAC,10-18,103.70215743675897,274,108.5590279518771,159,0.3713643613511276,229,11.064294776600862,19.93570522339914,5.064294776600861,12.935705223399138,4-11,0.4661115757739852,0.4958678440610728,0.440322809925176,0.47370698872559613,0.4958678440610728,0.45770192653886316,0.8461687543060561,0.7904096368921789,109.93922384006994,110.21120250616943,110.16898669608551,110.22169790926843,103.69436683330595,109.6795104916822,106.78681280669971,104.70666973283016,0.5563159499839259,4.0,-0.07300871130159658,1076.0,1141.0,1033.8875,1.0407321879798332,1.1036016974767564,0.5445975096072987,0.26666666666666666,-12.147460078556028,283,327,65.9131455738944
230,Texas St.,SB,18-12,105.26072031501633,252,110.48126904615222,195,0.36431941058139555,230,18.516100274737404,12.483899725262596,10.516100274737404,7.483899725262595,10-7,0.33735934184065247,0.28182630749656723,0.37982577986848226,0.3400306832966224,0.28182630749656723,0.38206717692999553,0.9293110970634861,0.9384395790225947,105.81440400450788,112.1778304591688,105.80608524047116,112.05347973546742,105.38440059642726,111.71615505908483,0.0,0.0,0.0,0.0,0.04417854298631474,1256.0,1269.0,1165.3874999999998,1.0777531078718454,1.0889081957717928,0.42017092697572195,0.5882352941176471,-8.850452129664564,220,82,65.96522406880904
231,American,Pat,16-13,106.56851018359737,233,111.85465801776962,229,0.36430185098207,231,17.486739386850427,13.513260613149574,10.486739386850426,7.5132606131495745,9-7,0.32988678068516264,0.4305707620025662,0.24808104586477234,0.32221492816663855,0.4305707620025662,0.24395793706291302,0.8972726746410209,0.8154664308278373,105.94169428117169,112.57415387651153,105.9307267770923,112.99626848611308,105.10665460119196,110.4508711339098,110.64511250485887,120.83202092357637,0.2664235585371245,3.0,-0.027112293263396925,1144.0,1087.0,1038.775,1.1012972010300595,1.0464248754542609,0.21097306664803844,0.5625,-8.884028032663302,222,243,66.59539979449463
232,Western Carolina,SC,12-15,110.50076566272301,153,116.17272429051776,299,0.35993648792720223,232,13.128473409580463,15.871526590419537,9.128473409580463,8.871526590419537,8-8,0.3807112206368725,0.5058838284619742,0.2946550527571153,0.37992979301074625,0.5058838284619742,0.30295788245721816,0.858866409270487,0.7237739968104231,108.79904093089367,112.57604828646154,108.71604333349171,112.59403964084666,112.17534770616028,115.87637720300444,101.4493041597343,115.88065286056684,0.17806416134668673,4.0,-0.07108736135701643,1274.0,1219.0,1077.175,1.1827233272216677,1.1316638429224593,0.3693805200580411,0.5,-9.941558298065889,241,324,67.9899560370718
233,LIU,NEC,19-10,104.53311841225661,260,109.989419594264,185,0.3577547219538315,233,20.722380806936414,10.277619193063586,14.722380806936414,3.277619193063585,13-3,0.34344194114269816,0.5379851714082025,0.18537556655197576,0.3282532720836237,0.5379851714082025,0.17678023368253895,0.8912404312904942,0.77808819920864,105.52413180436093,111.97948112968278,105.1697324602698,112.5102848178114,101.64921275701826,108.68403093938278,103.67143564472775,103.64490261724615,0.5007359034023481,2.0,0.12118476869595585,1154.0,1045.0,1064.0375,1.0845482419557582,0.982108243365483,0.10801757072704454,0.8125,-5.656499958995128,127,8,68.18211834359694
234,Old Dominion,SB,10-19,105.86845703202596,247,111.44762548385171,220,0.3564948763538335,234,10.783805993563618,20.216194006436382,6.783805993563619,11.216194006436382,6-10,0.4415260437914029,0.5282086942179992,0.37109639031979347,0.4388931297265189,0.5282086942179992,0.37438744426044973,0.8670598088053356,0.7885644312157558,108.70820205265743,110.72993018617788,108.6443098838458,110.79018035373491,105.95058184499425,110.74953120369653,126.12151244994162,117.84845070477151,0.6857303186003095,1.0,-0.09680549173544767,1224.0,1228.0,1141.2499999999998,1.0725082146768896,1.0760131434830231,0.4007158757856999,0.375,-13.63226006000318,314,352,68.71105928050791
235,Samford,SC,16-13,108.80856837927922,181,114.72540314122065,282,0.35230081284138265,235,17.702354475673978,13.297645524326024,10.702354475673976,7.297645524326023,9-7,0.37110205847076216,0.4249131545746139,0.32738054288638246,0.35458483520037093,0.4249131545746139,0.3037921600967509,0.8976434151833322,0.8373382574148951,108.79980932654826,113.40873565617837,108.37916139550985,114.16996570378012,109.9968660040624,114.36754957580183,101.5914396510615,97.17711404678025,0.625011927178659,2.0,0.04186266871903144,1273.0,1198.0,1088.1125000000002,1.1699157945524932,1.1009890980941766,0.11508509777969869,0.5625,-8.731294558428079,215,90,66.79029176357908
236,Colgate,Pat,17-12,107.94473068058628,202,113.8381000232767,263,0.3517590392454049,236,18.051416481372538,12.948583518627464,12.051416481372536,5.948583518627463,11-5,0.3433607335124785,0.4817794727137144,0.2308955079114746,0.34448517132089657,0.4817794727137144,0.24532817587052852,0.8705471659762625,0.752252179324672,108.02007307079647,112.6018282000917,107.67941273147622,112.45405144305813,106.0590721983579,114.9682318011047,115.56712731445289,106.07837595055807,0.7281473685211601,3.0,0.036082853633340406,1244.0,1193.0,1102.5625,1.1282807097103338,1.08202482852446,0.3607895195429599,0.6875,-7.360488022922682,176,104,66.87366832451242
237,Elon,CAA,14-14,112.62644669588309,113,118.78387342136138,334,0.3515724328770554,237,14.982124400436367,16.017875599563634,6.9821244004363665,11.017875599563633,6-9,0.39412647761843395,0.37243308018051813,0.4129274220646277,0.4048054905685657,0.37243308018051813,0.4281855647377113,0.8907905643850748,0.8742547187960619,108.17336883920159,111.58252954024036,108.03083350889058,111.06962723352414,109.18226009607741,119.83157709174775,121.1778775714044,111.24868925635305,0.727732992281845,2.0,0.007082429491907238,1152.0,1206.0,1035.0000000000002,1.1130434782608694,1.1652173913043475,0.5044762781031294,0.4,-9.805933906067889,237,160,66.86262572125074
238,Tennessee Martin,OVC,20-9,101.31333793220551,314,106.85361436805522,116,0.35153927890445696,238,21.532844387349,9.467155612651002,13.532844387348998,6.467155612651002,12-6,0.263690511372832,0.33754244351914153,0.21855877506119847,0.2585088836685415,0.3375424435191414,0.2150404257507117,0.9384410706452903,0.8906365064494889,102.68141318490675,112.40900115354349,102.77040142719731,112.8666610237342,100.37289600843184,105.48742090292804,104.40752833948677,105.58693596600799,0.46775033832836005,1.0,0.06475768831915862,1241.0,1118.0,1175.6250000000002,1.0556087187666132,0.9509835194045718,0.18337528195633018,0.6666666666666666,-6.326559783082785,146,51,64.24854732225961
239,Dartmouth,Ivy,11-13,105.59260084933871,251,111.47519745408351,221,0.34899517931002233,239,12.130063237409342,14.869936762590658,6.13006323740934,7.86993676259066,5-6,0.4082019828840901,0.35863443699988756,0.46678180983814743,0.4134617725990274,0.35863443699988756,0.4643728699410858,0.8743829225967554,0.8572979811473436,109.10744113427786,110.87436110749371,109.4192974584615,111.1975654823389,106.17848750646495,110.5131505169623,112.11986978250697,112.31425884689084,0.4950199176752276,1.0,-0.022329704299430764,805.0,840.0,754.5625,1.066843369502195,1.1132278638283775,0.4555400903185262,0.45454545454545453,-8.940002436385381,224,229,69.35541825686909
240,Saint Peter's,MAAC,15-11,104.13404730756129,264,110.0205082730287,187,0.34697567143032393,240,16.100178926823553,11.899821073176449,13.100178926823551,6.899821073176449,12-6,0.3430723259154762,0.4261119418221268,0.3061658299569649,0.3418045427157844,0.4261119418221268,0.3080815830732474,0.9064698227914303,0.8263267632750233,105.34528047332931,112.1955733230028,105.20605765602069,112.2511561045053,104.11459083639835,106.75525399089014,97.87210924172062,114.27743299316487,0.14404078946816065,2.0,0.03675525449547057,1274.0,1191.0,1182.2,1.0776518355608187,1.0074437489426493,0.32532336111979043,0.6666666666666666,-7.595151691861213,182,101,65.47114972557449
241,Radford,BSth,15-14,107.89815655416322,205,114.08202141774152,268,0.34504454134824014,241,16.18744217534711,14.812557824652888,9.18744217534711,6.81255782465289,8-6,0.3389540268752183,0.33524044232375844,0.34293286746606827,0.33409221522242194,0.3352404423237585,0.333015752314919,0.8951298605086746,0.8616501590287442,106.81660339126732,113.630546478342,106.48624585980782,113.52642786030437,108.80695230073165,111.79907340909924,98.38656042293833,97.13573369745896,0.5367191031403765,2.0,-0.05169614417277202,1137.0,1102.0,1019.3875,1.115375654498412,1.0810413115718998,0.2635959462568739,0.5714285714285714,-9.817573844434886,238,296,70.50986561998775
242,Southern,SWAC,13-14,105.99305556210183,246,112.25474277568577,239,0.34072438337756866,242,15.402955104321785,15.597044895678215,11.402955104321785,6.597044895678214,9-5,0.3743835672309117,0.5527338638436733,0.20877257751906164,0.35890887208967365,0.5527338638436733,0.21892415582289607,0.8511112725764286,0.6942933241310911,108.18315588327647,110.77795310273312,107.25642765618726,110.94341656462902,104.69117907092509,111.08116134807497,106.64968258604573,112.19734690865481,0.358204975295546,5.0,-0.030476646084571513,1096.0,1033.0,1004.0,1.091633466135458,1.0288844621513944,0.2544546798863164,0.6428571428571429,-8.487109757499459,207,249,69.95711427667102
243,Louisiana Tech,CUSA,15-12,100.1294784047206,329,106.13119059677896,105,0.33862309655738543,243,16.525568656173604,14.4744313438264,9.5255686561736,10.4744313438264,8-8,0.3970491865779375,0.2711945248582878,0.48357426651019664,0.4074450984600765,0.2711945248582877,0.48238291394106037,0.8996438712255393,0.9232110022518484,108.5891679542894,111.07577383678573,108.84712451542367,111.06359734032652,100.45220092421764,107.03225091207094,86.25184037016993,110.9659219516396,0.052280003462017874,1.0,0.07719531584346034,1075.0,1131.0,1064.725,1.0096503792058984,1.0622461198901125,0.4776175036645154,0.5,-8.227874048646107,203,33,63.7951498007408
244,Nicholls St.,Slnd,11-17,107.95372988023146,201,114.52345857033936,275,0.3363985381404011,244,12.303619041650407,18.696380958349593,11.303619041650407,10.696380958349593,10-9,0.4672440733969797,0.5831612084972623,0.41233595677053003,0.46465863930351686,0.5831612084972623,0.4161803155424391,0.8542808180774947,0.7558458724731593,108.70023291746199,109.20270456581342,108.4830967944299,109.19959292995557,108.02520548713656,112.48881840402767,107.71438102998296,108.25949097911153,0.4854912591827204,2.0,-0.000619807672433137,1395.0,1425.0,1293.7749999999999,1.0782400340090048,1.1014279917296286,0.44052792109786365,0.5263157894736842,-11.239609627469246,264,181,68.38735601695033
245,Southern Miss,SB,15-14,103.0501937458311,290,109.39692397467809,175,0.33463046904369365,245,15.445143623175491,15.554856376824509,8.445143623175491,9.554856376824509,8-8,0.3894049623402668,0.4280431342474121,0.35801144766571125,0.4008819116349194,0.4280431342474121,0.3812654730814524,0.8924041551042367,0.8505423338654304,107.69967020746634,111.08516549904104,107.91911838794057,110.8905447235485,100.15630347431711,108.39865963815679,98.50224248720482,106.86471499056846,0.2814925070393,2.0,0.040781172791735765,1166.0,1182.0,1132.1999999999998,1.0298533827945595,1.0439851616322207,0.5672976764073819,0.5,-9.826480879715835,239,92,68.42858550088049
246,Florida Gulf Coast,ASun,14-15,107.89896198334392,204,114.55386842620206,277,0.33441710494919574,246,15.12090150496421,15.87909849503579,9.12090150496421,8.87909849503579,8-8,0.36454360995075974,0.4270335835360165,0.3137705064127386,0.3556138847684364,0.4270335835360165,0.304032991214073,0.8889866351654122,0.8171186501730621,108.99111445458087,113.35999197103058,108.92571885098484,113.83455403615105,105.5028621896578,113.82818072148288,109.20626702740597,111.7342126879475,0.4345841879012773,3.0,-0.04106676363834366,1208.0,1214.0,1092.9624999999999,1.1052529249631164,1.1107425918089597,0.226132869624748,0.5,-10.648706922274405,251,271,67.86102702041988
247,Abilene Christian,WAC,13-14,101.16312170324058,316,107.41705842723289,131,0.33407216452696853,247,13.96201609803936,17.037983901960644,5.962016098039359,12.03798390196064,5-9,0.4406864025503539,0.4011137144243198,0.47743247009595724,0.4625434193022272,0.4011137144243197,0.5069093172696051,0.8440705253189591,0.8144669081555733,108.88396883958586,108.06709857008185,108.9114325548934,107.55461312106428,100.28082334701845,107.83891950938774,106.7175289499742,103.64355196856215,0.583247645105214,3.0,0.041919153827516376,968.0,1015.0,976.4499999999999,0.9913462030825951,1.0394797480669773,0.6100782823773727,0.35714285714285715,-8.816405467011943,217,89,66.41944415559759
248,Southeast Missouri St.,OVC,18-11,102.17936152992519,303,108.57318233404945,160,0.3322581764807188,248,19.502357470389647,11.497642529610355,14.502357470389645,5.497642529610354,13-5,0.29529982561552,0.4174248824313297,0.22066784645030302,0.2880788873149271,0.4174248824313297,0.21693859000090576,0.9075858986689366,0.8045830883671896,104.705327640838,112.1921625411828,104.64975056484776,112.665310883685,101.19525634747485,107.36795715483136,110.89089649397918,109.84465797356255,0.5272269940496221,3.0,0.03922511915590143,1308.0,1215.0,1241.25,1.0537764350453172,0.9788519637462235,0.18337528195633018,0.7222222222222222,-7.350365425669838,175,96,68.96433075114722
249,Iona,MAAC,16-13,104.77269249220362,257,111.39938998919146,217,0.330642661222671,249,17.519773350106664,13.480226649893337,9.519773350106663,10.480226649893337,8-10,0.3515136701707302,0.44158103348189676,0.29647250370279515,0.33694393755205543,0.44158103348189676,0.2793935347906427,0.914890651441421,0.8574921503250649,105.17677499979538,112.04301545054595,104.97409414617897,112.71216291034659,101.55243687260318,111.64063349979462,103.99688923754313,101.91030329130953,0.5580079507193227,1.0,0.03945439231665748,1237.0,1264.0,1198.4624999999999,1.0321557829302128,1.054684648038633,0.12568281458127092,0.4444444444444444,-9.425713762275535,232,95,68.64021266412279
250,UNC Asheville,BSth,13-15,103.34525145112474,284,109.88887118326159,182,0.3304757892184983,250,14.52585923780219,15.47414076219781,8.52585923780219,7.474140762197812,7-7,0.3809285521746609,0.4005714550643567,0.3612856492849649,0.36549824425311067,0.4005714550643567,0.33480918479327026,0.9006104301472942,0.8715331899391613,108.77639479877325,112.0124690255955,108.13883245611613,112.48861453736414,103.43915553547164,109.88888005028598,105.46236160353739,94.70257367376418,0.7751370815637842,1.0,-0.029054448855053316,1009.0,995.0,936.5375,1.07737276937656,1.0624240887310972,0.14947393335140807,0.5,-10.957296064113546,256,245,64.69374291456442
251,Idaho St.,BSky,12-17,110.96053423544116,144,118.2905434449008,323,0.3239569193753273,251,12.904291481825968,18.095708518174032,5.904291481825967,12.095708518174032,5-11,0.4618803832472095,0.4546707698403901,0.4677381941402503,0.45583559176922905,0.4546707698403901,0.45667685205116837,0.8643330095932997,0.8165525434414241,109.9035603433618,109.14871102941548,109.91831106845858,109.59551930342668,108.88213312761509,119.72080876580904,99.34077491312695,99.44913072590222,0.49686584777578435,2.0,0.009043356498912136,1187.0,1285.0,1079.7624999999998,1.0993158217663608,1.190076521457265,0.3681861153385123,0.3125,-11.462703839255317,272,154,64.45301702188141
252,Wofford,SC,18-11,110.05721720655583,159,117.53691592364903,319,0.31948297234857076,252,19.083509266585654,11.916490733414346,11.083509266585654,6.916490733414345,10-6,0.3169401774216963,0.3326934589805686,0.30414063615511233,0.3179975558660939,0.3326934589805686,0.3073838480611954,0.9173273223434647,0.8855582006150784,108.17813001777486,115.840212904348,107.89322297926329,115.73891070934766,112.33443888218547,119.54942134378888,93.70851378002712,110.63515274675063,0.12903012071408373,1.0,0.0780580806472384,1306.0,1277.0,1095.2625,1.1924082126430877,1.165930541765102,0.33332954330985964,0.625,-7.696126561804377,188,31,67.70707556901581
253,Fairfield,MAAC,18-11,109.12715802264873,173,116.59741722419756,308,0.3183308151543276,253,19.225537376192484,11.774462623807514,11.225537376192486,8.774462623807514,10-8,0.3001044736431568,0.30362121731866654,0.29795535250812333,0.29939086036244855,0.30362121731866654,0.29706416403652885,0.9324294823817871,0.9174675644480473,103.42305229958895,112.46479667070173,103.41615988368089,112.43821726618262,107.34184371428655,116.14107197380193,103.81393389369867,117.66229090897068,0.19154358748109457,1.0,0.06942938058237635,1320.0,1300.0,1191.9750000000001,1.1074057761278548,1.0906269007319782,0.28904346779217904,0.5555555555555556,-8.076754900845158,195,44,66.78602680740728
254,Long Beach St.,BW,8-20,104.17801274824856,263,111.32536193255038,214,0.31797488915698335,254,9.431313965480681,22.568686034519317,5.431313965480683,14.568686034519319,4-12,0.4898868423838772,0.49099847208229835,0.4890531201100614,0.48522568499743113,0.49099847208229835,0.48176201274651087,0.8510723085005448,0.7989278264510061,109.06691928284411,107.5277122346866,108.80816893324553,107.76613215731952,102.84280901293033,108.66504500408134,84.87343530657134,104.00434707681457,0.08805462062484246,2.0,-0.0918923304925604,1164.0,1218.0,1143.1125,1.0182724797428075,1.0655119246793294,0.4525975832923086,0.25,-14.27896600338873,321,350,67.72134198519707
255,Delaware,CUSA,9-18,106.51053337285632,234,114.00382367713117,266,0.3139184644214907,255,11.383604651708914,19.616395348291086,6.383604651708915,13.616395348291084,5-11,0.4315668593625999,0.35241169218000884,0.48598603680063135,0.4379897059371383,0.35241169218000884,0.48505761350355964,0.8816512107871456,0.8741661846782972,108.23564548718868,110.55022391577397,108.19464713108216,110.29570927447114,106.47555020184807,113.19038892987626,129.16775883740667,112.90570205045199,0.8245420842039796,1.0,-0.09223901702028653,1073.0,1152.0,1010.9750000000001,1.0613516654714508,1.13949405277084,0.48134392031527284,0.3125,-13.554517602770346,312,351,62.68156748064275
256,Central Michigan,MAC,9-18,106.02154867538204,244,113.50379450987491,258,0.31340896015213937,256,10.15721721909077,20.84278278090923,6.157217219090771,11.84278278090923,5-9,0.4163628924696841,0.4334009860564386,0.40054180556769786,0.4284898413517461,0.4334009860564386,0.4249429035094683,0.8615951599830586,0.8223061244974343,108.34199477166807,110.17770561087977,108.69773287196524,110.21411854198489,104.36358046223981,108.90274590696549,103.26158233833489,114.52129456134502,0.2332237250204219,3.0,-0.11354413507151673,1037.0,1045.0,978.6875000000001,1.0595823488089915,1.0677565617216935,0.5103467463056649,0.35714285714285715,-13.05908452798021,298,357,67.00868985397379
257,Vermont,AE,18-11,106.5804365291386,232,114.26040835472952,271,0.3099887752380727,257,19.53577221958994,11.464227780410056,11.535772219589944,4.464227780410057,10-4,0.2810929699039367,0.3787595813105618,0.17645017196826704,0.27294394884075723,0.37875958131056187,0.17374179340031545,0.9471385079623881,0.9204395579477092,104.16739041910735,113.756903811609,104.0596188074753,114.11336836414533,103.34607526736133,112.78752169220363,0.0,0.0,0.0,0.0,0.05998308217089854,1000.0,911.0,903.0999999999999,1.1072970878086592,1.0087476469936885,0.15478314342465443,0.7142857142857143,-8.59107962728943,213,57,64.86399745611561
258,Boston University,Pat,13-16,112.43292644428999,120,120.673013073434,349,0.30717318743425026,258,14.105865767796965,16.894134232203037,9.105865767796965,8.894134232203035,8-8,0.3018491268957631,0.37004378633762414,0.24644096609925104,0.30046326610993573,0.37004378633762414,0.2502106681677163,0.9318441679951364,0.9001376402256128,104.44961364498913,113.07875816428837,104.44936901971283,113.20570952342219,112.55507148458416,118.45696968223896,90.88057654193572,118.06542486637096,0.04700009733919555,1.0,-0.08783270170761848,1242.0,1183.0,1057.5875,1.1743709149361163,1.1185835687354473,0.2803682847154387,0.5,-13.111884138867417,300,346,62.98774332471834
259,UTEP,CUSA,10-17,103.3398778003995,285,110.92699133205569,203,0.30687657576956373,259,11.361971075207808,19.638028924792195,7.361971075207809,12.638028924792192,6-10,0.4558622777835669,0.4269062241461166,0.47576956465931397,0.459232776954525,0.4269062241461165,0.47701238099914967,0.874088295711385,0.8484680338902648,109.26911894862464,108.53010683240866,109.19756669133943,108.66535187563854,102.75336285161318,111.24636279592191,85.27172872035584,92.72082933489115,0.27625254623566625,1.0,-0.03101246252342904,1082.0,1152.0,1046.3625000000002,1.0340584644422939,1.1009568863563055,0.4819836463584926,0.375,-12.227525658908483,284,251,64.29323428332216
260,Southern Utah,WAC,9-19,106.41684828330348,237,114.28092242646048,272,0.3057846827290172,260,10.011610291721585,20.988389708278415,6.011610291721586,11.988389708278415,5-10,0.4842393784854789,0.45836835109225277,0.506660935559608,0.49008408430006417,0.45836835109225277,0.5129898916168167,0.845022135667841,0.803463448407528,109.07889962602752,106.76612471131357,109.0320113658131,106.78475530344929,108.97340513684995,113.38141102627998,96.85673408493605,117.63591743307576,0.09663749172187115,3.0,-0.03526571476142548,1125.0,1181.0,1070.7,1.0507144858503783,1.1030167180349304,0.5446346719028603,0.3333333333333333,-12.96044733871742,297,261,70.20678817617758
261,Purdue Fort Wayne,Horz,16-13,106.00580959622765,245,113.90624281320613,264,0.3043558971911466,261,16.744256460466122,14.25574353953388,10.74425646046612,9.25574353953388,10-8,0.4267459259436727,0.44581759035899593,0.4150910199120864,0.4268172010980061,0.44581759035899593,0.41636698700446173,0.8628041301932786,0.7744591460886892,111.2975591724512,111.99222524468043,111.23734030654181,112.09338482842794,103.97776389224748,113.63075853633461,101.99486833329219,114.77016518028458,0.20471134409937924,3.0,0.12368402564351283,1350.0,1411.0,1239.45,1.0891927871233207,1.138408164911856,0.4278506908358395,0.5555555555555556,-7.564617423645834,181,7,67.72663844396277
262,Princeton,Ivy,8-18,106.39921115938738,238,114.45840623268003,274,0.30160780985294683,262,9.092688431963643,19.90731156803636,5.0926884319636425,8.907311568036357,4-7,0.4481847760344415,0.4376750136666818,0.46251627017229546,0.45378581027360587,0.4376750136666818,0.4710473780667387,0.8713298907946708,0.8552388540282042,109.32024768544939,110.42365648345121,109.54586701630578,110.47064025186809,109.99123095145863,117.61101168324409,97.2122881614547,105.6181371178636,0.2781354437270523,2.0,-0.07304024156314382,771.0,807.0,689.7875,1.117735534494319,1.1699255205407462,0.5023281070130302,0.36363636363636365,-13.48777801333496,308,328,63.480696542099835
263,Tennessee St.,OVC,19-9,108.34702553554663,193,116.60401074846618,309,0.3005646384623214,263,19.625555131562844,10.374444868437154,13.625555131562846,6.374444868437155,13-5,0.270073325401092,0.3984611596027531,0.1987467508446137,0.27953102665467766,0.3984611596027531,0.22006596018063998,0.9164125968992857,0.8223011551873212,103.4227143969718,112.40288321126735,103.3965172029036,111.9517899491736,109.92945279546578,118.44087339727255,94.56189549892333,98.18526967735181,0.39354898286053774,2.0,0.09637904579288492,1475.0,1361.0,1272.1250000000002,1.1594772526284758,1.0698634175100716,0.41193884420487636,0.7222222222222222,-5.933993287865486,137,15,70.11818064896616
264,Georgia Southern,SB,15-14,107.9867578217497,200,116.35317976057755,304,0.2977263146968314,264,15.479002530396052,15.520997469603948,7.479002530396052,10.520997469603948,7-9,0.3312511523826405,0.29006176342365947,0.3647175309118125,0.34212132072860635,0.29006176342365947,0.3797198898932901,0.9260480686643539,0.9245522296398311,105.22632502630752,111.59972644521734,105.73778049873526,111.67197312073192,107.82520310286185,116.34870083542185,94.95111773371013,106.94311907506088,0.20298341739765055,1.0,0.01570775222179499,1254.0,1289.0,1148.2375000000002,1.0921085576807932,1.1225900564996352,0.4997387617451102,0.4375,-11.039911590062788,258,139,70.6054511218927
265,Sacramento St.,BSky,9-18,108.23352191901185,196,116.71230972327132,310,0.295808062566824,265,9.96960471652115,20.03039528347885,5.96960471652115,12.03039528347885,5-10,0.4739326394736686,0.49707848771665053,0.455415960879283,0.47469042494249797,0.49707848771665053,0.45976504975972954,0.8559637127929997,0.7927693253570443,111.11563807316043,109.51900790722455,110.9973708525539,109.70107369906262,108.95824779710637,118.12798336901993,101.46744472115228,113.63377508742832,0.21377954909701113,3.0,-0.039350962964593394,1227.0,1292.0,1100.4875,1.1149604152705053,1.1740251479457968,0.4815104941619625,0.3333333333333333,-12.630522115863617,290,268,71.95138740194591
266,Pepperdine,WCC,8-21,104.6469566097611,258,113.00015597895731,250,0.2925226386301761,266,8.579178794146326,22.420821205853674,3.5791787941463244,14.420821205853674,3-13,0.536160628466357,0.38281613459134634,0.6607530297398033,0.5388596849185563,0.38281613459134634,0.6515578045993193,0.8062903594817863,0.8970143565863165,111.40632003556965,107.00892881760666,111.16652993008849,106.87548408901728,104.41721276011923,114.52383561835241,96.26295107384219,106.73065504484534,0.23378044968213826,6.0,-0.04801335761570308,1108.0,1343.0,1128.7375,0.9816277035183114,1.1898249150045959,0.5779960034754476,0.1875,-13.553462205849023,311,289,67.77776716877248
267,Charleston Southern,BSth,13-16,104.64690837375827,259,113.04028962187346,251,0.2916771324637395,267,13.730504641225867,17.269495358774133,4.730504641225867,11.269495358774133,4-10,0.3164633234697632,0.3054364870925647,0.3282777910167617,0.323067896731102,0.3054364870925647,0.3395973432672307,0.9155785877800995,0.905646385289789,105.73124462222373,112.97507002555759,105.87944058078037,112.82730163907055,102.9763384605939,114.53941783633041,99.64996984560388,110.20747933143944,0.23901965545322476,1.0,-0.07541547739724008,1136.0,1175.0,1068.6374999999998,1.063035875121358,1.099530944777813,0.41883420902051405,0.2857142857142857,-12.532200684969418,289,332,70.97865471101879
268,UC Riverside,BW,9-20,103.26930330680358,288,111.71506547480449,227,0.2882228098358208,268,9.601112867410736,22.398887132589262,4.601112867410737,15.398887132589264,4-13,0.47177487663918444,0.4885807800229102,0.45991188601537797,0.48615637883506707,0.4885807800229102,0.48470173812236117,0.8434987913372732,0.7798995040312512,109.32717093256713,108.71229544426622,109.55173283840031,108.49696561183274,101.86246734923205,111.1555727930615,100.68728514098713,108.4051294445793,0.2995707750287393,3.0,-0.05250653110076631,1215.0,1307.0,1201.4,1.011320126519061,1.087897452971533,0.6251775667285989,0.23529411764705882,-14.079290628039223,319,298,68.01221487112377
269,Lindenwood,OVC,16-13,101.32085201096301,313,109.6867855142463,180,0.2865147686636827,269,17.63218445008949,13.36781554991051,11.63218445008949,8.36781554991051,10-8,0.29085537387255544,0.380017506117588,0.23636740416725774,0.2777194936036359,0.380017506117588,0.22145558672096222,0.8994548194488187,0.7836554210546418,104.46631591732385,111.85144750973667,103.77987514761901,112.21844858751022,100.95342604162468,110.18426243181295,90.82515291331802,102.63133145810566,0.19696369672399802,3.0,0.000497912981877735,1364.0,1349.0,1312.0125,1.0396242413848953,1.0281914234811025,0.08724922970430295,0.5555555555555556,-9.12440271397776,227,180,72.22057828487068
270,SIU Edwardsville,OVC,17-12,98.88111820968217,339,107.1213986527916,127,0.2848537367892289,270,18.74392711158762,12.256072888412376,11.743927111587624,8.256072888412376,10-8,0.23950095092077806,0.24201026396058387,0.23796748184089667,0.22885526590857974,0.24201026396058395,0.2216200169799774,0.9454966683855565,0.9134781324414216,103.72760574347467,113.99012589505112,103.00659674960723,114.31847202857683,98.01813016181751,105.8477412445414,116.15123521515187,119.01670428696,0.43038911334754126,1.0,-0.001105979470721996,1195.0,1169.0,1182.1749999999997,1.0108486476198535,0.9888552879226851,0.07449283323170404,0.5555555555555556,-9.689422956254027,236,183,64.20897619849475
271,East Carolina,Amer,9-18,102.34540541460086,298,110.87636022266383,202,0.2848119622322113,271,10.19083243527037,20.80916756472963,5.19083243527037,12.80916756472963,4-10,0.46577737071668796,0.40401611149817873,0.5231271114195896,0.47412315852896864,0.40401611149817873,0.5247560258289837,0.8526469834875712,0.8490272673376561,109.83614533827634,110.50370327396635,109.80905349304905,110.28756954763861,105.2269760267845,110.93158644048333,91.55054014838825,107.46030095662702,0.13673834596628007,3.0,-0.05259063489784299,1030.0,1078.0,975.575,1.055787612433693,1.104989365246137,0.5304572262618628,0.2857142857142857,-12.638615330264795,291,299,68.47318968849333
272,Longwood,BSth,15-15,103.33580680227938,286,112.04077448653042,233,0.2829028948806068,272,15.57659717505821,15.42340282494179,7.57659717505821,8.42340282494179,7-8,0.29732702132740957,0.24998686305318538,0.3446671796016338,0.2967977112484242,0.24998686305318538,0.3406828814314606,0.9256609583712918,0.9267492295050616,104.76360671209193,113.75017870760875,104.82545934805172,113.81499688577196,103.8650646056717,109.02503354796633,97.64726249691746,89.50303160361747,0.731358295528307,1.0,-0.04649098707746302,1149.0,1115.0,1066.4250000000002,1.0774316055981432,1.045549382281923,0.2809184088788625,0.4666666666666667,-11.770642623837515,276,285,68.17175299628434
273,Milwaukee,Horz,11-19,106.82743358992016,227,115.9750051416917,297,0.2799238788996762,273,11.418729084342207,19.581270915657793,7.418729084342207,12.581270915657793,7-12,0.4589603932611313,0.5285762886700965,0.4186564538138354,0.4577424705198748,0.5285762886700965,0.4187838705372527,0.8451714853091228,0.7257879682968671,111.68909640251992,111.99727089572089,111.5452189882062,111.94341722173152,105.33052035142137,115.06343975487391,107.13215096128289,109.41981581817,0.43955159329281784,4.0,0.002821492137447812,1428.0,1487.0,1293.4,1.1040668006803773,1.149683006030617,0.42120478828218094,0.3684210526315789,-12.844354600702767,294,174,67.3606451197861
274,North Dakota,Sum,16-15,108.59720574765151,189,118.00091783519008,321,0.27787290128238873,274,16.106811231838666,15.893188768161336,10.106811231838664,5.893188768161335,10-5,0.3716008769804175,0.3972650745093662,0.34422573294953884,0.38200957607062247,0.3972650745093662,0.3667540776318787,0.8761738417321171,0.834071639832422,107.88240757726024,111.95683618246474,108.13805342604998,111.78240980972313,112.33695327810591,119.11034497417434,102.25397164231393,99.33337472517928,0.5825492733988166,2.0,0.04318840037537075,1212.0,1202.0,1032.4875,1.17386409036429,1.1641787430840567,0.7046792478669769,0.6666666666666666,-10.179323275930505,245,84,67.10185615500835
275,Brown,Ivy,9-15,98.42149349410286,344,107.18202896888917,130,0.27277315938223795,275,9.78742188694566,17.21257811305434,3.7874218869456575,10.21257811305434,3-8,0.3650231192934806,0.2781111951613647,0.4677372114496175,0.38026624665075603,0.2781111951613646,0.4751245087480481,0.9053826847098221,0.9244967829554823,107.96314182524303,112.70301949156016,108.53330522640657,112.68280675446391,98.68536744892353,107.3786563588687,103.38284721804082,99.88680731775035,0.5976340446961977,1.0,-0.08462518195468277,742.0,813.0,743.1625,0.9984357391552992,1.093973390745631,0.5022112655089601,0.2727272727272727,-11.882048907048961,280,342,66.20678646178428
276,Louisiana,SB,10-19,102.50822093067752,294,111.71524203934004,228,0.27108657097352157,276,10.302226289889868,20.69777371011013,7.3022262898898695,10.697773710110132,7-9,0.39745520400826156,0.4495076425487113,0.3551625976941462,0.4110214319610305,0.4495076425487113,0.38322583542548333,0.8873990520821892,0.8437357821373502,106.43053929594183,110.83033797302052,106.84819500399442,110.69204469062718,103.69476986663297,110.48311712394066,74.84322020666576,101.58066578550662,0.028951245564469104,1.0,-0.06549070052161099,1062.0,1095.0,1016.0999999999998,1.0451727192205493,1.0776498376144084,0.6077317372761806,0.4375,-14.717005067858173,329,316,62.455002725384595
277,IU Indy,Horz,7-22,107.486869875346,212,117.25585788968034,315,0.26886648452305273,277,8.015326010268092,22.98467398973191,4.015326010268093,15.984673989731908,3-15,0.41334174263710016,0.38635434885548126,0.42983403883697846,0.40798374705651064,0.38635434885548126,0.41987991606707686,0.8853147823224138,0.8393634286776369,109.80866591638781,111.95657428032143,109.73496781627003,112.22279283141054,105.60546604866846,115.5744765512374,113.14782154055139,115.64024897256728,0.43768248467578363,3.0,-0.14742723309603403,1397.0,1521.0,1292.9125000000001,1.080506221418696,1.1764137170922238,0.33029281113796205,0.16666666666666666,-17.242196160426676,353,365,73.5844243713263
278,Mercyhurst,NEC,14-15,102.32317341789575,300,112.0036495270351,232,0.26123764729745563,278,14.998539993763412,16.001460006236588,9.998539993763412,8.001460006236588,9-7,0.28249093470826914,0.403996141992316,0.18376795378998112,0.27821410393049023,0.403996141992316,0.18737152088583836,0.9132209174386995,0.8340601748286484,104.05894857338436,113.8406700638842,103.78349977783688,113.7241299053723,103.2605193318496,112.03089589452648,80.86024435787864,101.82890783177247,0.06589199773064522,3.0,-0.063844543591067,1143.0,1078.0,1041.4750000000001,1.0974819366763484,1.0350704529633452,0.21620005765269623,0.5625,-11.461050844399548,271,315,63.7432133669588
279,Morehead St.,OVC,17-12,108.12869425566973,198,118.5019289821462,327,0.2585570724116645,279,18.30077849148431,12.699221508515693,14.300778491484307,5.699221508515693,13-5,0.3046334629073972,0.4237111616821144,0.23186375810062543,0.29501202874578936,0.4237111616821144,0.22422750563081056,0.9062606121750955,0.8039545937599335,104.3178125063965,111.69563570006578,103.9473101459314,111.96290590440272,108.787746516775,118.15650308587475,100.53987848342334,113.43351719603321,0.19978824797139694,3.0,0.07405398074537328,1335.0,1289.0,1189.5375000000001,1.1222849216607294,1.0836144299780375,0.1555012334024767,0.7222222222222222,-8.202069401923543,201,40,65.35331101108387
280,Incarnate Word,Slnd,11-17,109.05980096663384,176,119.64778143676847,341,0.25625161795943,280,12.048818945955027,18.951181054044973,7.048818945955027,14.951181054044973,6-13,0.4126236021551227,0.39458944896204673,0.42116609577289554,0.4150254109248357,0.39458944896204673,0.4233855771823402,0.8710286650245954,0.8176713777780508,108.24202287264409,109.62374496582237,108.15767293856861,109.6606861495334,106.98354120554717,118.9957874036038,96.33567351159391,92.26716819736478,0.6215726510728817,3.0,-0.01904390017749208,1336.0,1436.0,1246.9750000000001,1.0713927705046211,1.1515868401531706,0.4374422927754901,0.3157894736842105,-11.97917373176054,281,226,65.46774213279468
281,Eastern Kentucky,ASun,11-18,109.34106237409279,167,120.04156916205629,345,0.2546981942686878,281,11.951053207977866,19.048946792022132,7.951053207977867,10.048946792022134,7-9,0.382645787868104,0.45949097213484336,0.3202090756513782,0.3797007187312998,0.45949097213484336,0.3220744246065182,0.8936381853814459,0.8344287449438544,108.86653516745307,112.78450904711244,108.90471640967614,113.00962758762408,110.98925118898708,120.7659021161537,98.15380019351147,108.37914145711707,0.24238460543489415,1.0,-0.034770701274450866,1308.0,1318.0,1115.725,1.1723318918192207,1.1812946738667685,0.33699721624763856,0.4375,-13.6284897951927,313,259,67.21504744036393
282,North Carolina A&T,CAA,11-15,105.64950965253986,250,116.15790130659082,298,0.25152999557432604,282,11.630420022304344,17.369579977695654,4.630420022304345,13.369579977695656,4-11,0.3631066613313512,0.2809788671337554,0.4233337104095882,0.3826547410979241,0.2809788671337554,0.44478999740936054,0.9073543114308118,0.9152870455039882,106.68899549187184,111.99550186035013,107.22609297790784,111.71476880863442,106.97395129009124,116.89520799227293,0.0,0.0,0.0,0.0,-0.005114088026840435,1113.0,1179.0,1029.325,1.0812911373958662,1.1454108274840307,0.552071432408222,0.26666666666666666,-11.737791131830173,275,191,68.3627213393222
283,South Dakota,Sum,14-15,104.95291886861995,256,115.4230909992254,291,0.25094764067368036,283,14.989959179973939,16.010040820026063,6.989959179973938,9.010040820026061,6-8,0.36265276767257404,0.3484335365952745,0.37788765811253777,0.3596133080735713,0.3484335365952745,0.3700943438344744,0.898575400601447,0.8783381151807192,108.02689119205805,112.99414696516887,107.9795475833039,113.12632273872347,102.88944642507481,113.83845665047944,104.84553477268877,117.33678701090071,0.21510194853430373,1.0,0.01643245640225921,1068.0,1117.0,994.8499999999999,1.0735286726642208,1.1227823289943208,0.3155411438880308,0.42857142857142855,-10.756002221079505,253,137,69.81928218559257
284,Northern Arizona,BSky,10-18,107.9010918548675,203,118.84457397002672,336,0.2476998236891727,284,10.646378106816455,20.353621893183544,4.646378106816455,13.353621893183545,4-11,0.4140065589785876,0.3715521452678651,0.4508003841945474,0.42585021815716173,0.3715521452678651,0.465065493021654,0.8774542786051207,0.8505047434935309,110.14378673684003,110.91141852406504,110.2496838347563,110.78219903351314,110.64891854165097,121.54522562231902,83.02610953494728,100.09450254898123,0.1043278784358119,2.0,-0.030189880879534225,1060.0,1174.0,956.0249999999999,1.1087576161711254,1.2280013597970767,0.5363910371571866,0.26666666666666666,-13.473720691928932,307,248,63.69338900588171
285,Presbyterian,BSth,14-15,103.53778401714676,278,114.04130939392935,267,0.2476514176855892,285,14.347741876859061,16.65225812314094,7.347741876859059,8.65225812314094,7-7,0.3293172436397247,0.35027811127048,0.3068591711782013,0.34758264862716487,0.35027811127048,0.34505565239905706,0.9028110473667917,0.8805450505001811,106.47110719807394,112.6155848014423,107.07511394230463,112.4592198514805,105.45450671100141,115.64779844949938,97.51545350114073,107.8045760027936,0.23984010951378065,2.0,0.013054071041530668,1043.0,1045.0,950.8125,1.0969565503188063,1.099060014461316,0.6124310209450474,0.5,-11.289689592135558,268,143,63.58477437424138
286,Mount St. Mary's,MAAC,14-15,99.90719274703193,333,110.06812474866193,189,0.24715107532425903,286,14.635353149762981,16.36464685023702,10.635353149762981,9.364646850237019,10-8,0.3473492406666253,0.4469899190147966,0.28645771500940953,0.3472503048188926,0.4469899190147966,0.2923935170111453,0.8937846599788092,0.8039076350220181,104.71774324935977,111.40923635498662,105.0464525560373,111.71182164421302,98.63570895147456,108.98083812658734,95.73041244084001,101.98844666776333,0.3255853987524978,3.0,0.028812370818402933,1227.0,1220.0,1201.7625,1.0210004056541953,1.015175627463829,0.34581573502676766,0.5555555555555556,-10.802413722321912,254,113,67.89825667170675
287,Sacred Heart,MAAC,12-18,107.3553352621629,215,118.35296918752047,326,0.24572151303058565,287,12.643442158996724,18.356557841003276,8.643442158996724,11.356557841003276,8-11,0.33914468892879845,0.40624658018119836,0.30029622557214575,0.3345200197802264,0.40624658018119836,0.2950704115596917,0.9128237350475041,0.8584491186238931,105.19698261627285,112.0927957318966,104.97736317046186,112.07300288649046,108.867542618983,120.15391741157471,103.30084110868032,125.30999705807538,0.09786555252977971,1.0,-0.03565534044289259,1436.0,1461.0,1290.0000000000002,1.1131782945736433,1.1325581395348836,0.19577994532306456,0.42105263157894735,-14.254061951316924,320,263,68.52219569237789
288,Northeastern,CAA,6-20,107.68305840782169,210,118.73819382703286,333,0.24529217856966012,288,6.931073161013787,22.068926838986215,2.9310731610137863,15.068926838986215,2-13,0.46185717625174055,0.47122049302941593,0.4549907439481122,0.4583671682199991,0.47122049302941593,0.45051235861424455,0.8818867593640758,0.8498836416919833,109.08000029279106,110.6389871807571,108.79556137339058,110.47764738260514,108.04400210128132,122.1942078733152,115.58019837667203,115.15252209294746,0.5106563518943694,2.0,-0.07259918957264061,1123.0,1269.0,1042.0375,1.0776963401029234,1.2178064608999197,0.4281204319449064,0.13333333333333333,-15.593419298756265,340,326,69.38597334797169
289,Grambling St.,SWAC,11-15,98.7926820680251,341,108.95699379460763,165,0.24486458287825272,289,13.916682546589826,17.083317453410174,7.916682546589825,10.083317453410174,5-8,0.33169697952901017,0.425847228328471,0.23754673072954952,0.3118169797947507,0.425847228328471,0.22946180029817503,0.9022412599550645,0.8196216434753597,105.72594046429928,111.18282424798021,104.61353105214226,111.71036236681502,94.24801056636436,107.46363291576967,105.77282497149434,112.05531117803993,0.33994527393427637,2.0,-0.026426225929858937,899.0,908.0,903.25,0.995294768890119,1.0052587877110435,0.20844098117660126,0.38461538461538464,-11.276795286995169,266,240,66.70981377948357
290,East Texas A&M,Slnd,11-18,100.125865911437,330,110.53345172755228,196,0.24282805844768263,290,11.980384102589733,20.019615897410265,6.980384102589734,15.019615897410267,6-13,0.43711869002395515,0.4695852521072689,0.42003102576957935,0.438657203150101,0.4695852521072689,0.42459899907866083,0.8497564168042151,0.7554986217335041,109.19302537408669,109.79991206892053,108.8983598209599,109.71251296649429,98.91820356874861,110.14653901570384,101.83134816185853,105.752891494128,0.39303978705485876,4.0,0.01573082116767094,1261.0,1417.0,1285.9125000000001,0.9806265978439433,1.1019412285050498,0.45352949670284365,0.3157894736842105,-12.288814409017702,285,138,68.50045566310801
291,Hampton,CAA,12-16,100.7185965244252,323,111.24577791607416,213,0.2417273812951938,291,13.157283601905876,17.842716398094122,7.157283601905876,10.842716398094124,6-9,0.3720590740571069,0.28341782877656974,0.4488814866335726,0.37554911705937155,0.28341782877656974,0.44208838081917295,0.8978893438606396,0.8986190567687176,106.23646165041644,110.36102947594094,106.43792879108133,110.57176330952792,98.42183447307065,108.55969912629297,94.54067112429523,116.80271784810799,0.08078368306807344,1.0,0.021315206502080797,976.0,1051.0,984.6125,0.9912529040612424,1.0674250022216862,0.4081228517471749,0.4,-12.055906866036004,282,127,64.88335302199852
292,Arkansas Pine Bluff,SWAC,12-16,105.7410380176663,249,116.86254553320579,311,0.24047784083644097,292,13.995135772365844,17.00486422763415,10.995135772365844,7.004864227634155,9-6,0.4091612778525789,0.6402944694338472,0.20884584514881288,0.3816703177708424,0.6402944694338475,0.1948862082364498,0.8471505236026258,0.6787210590252953,108.22769629444058,110.61010312164007,107.18475285959224,111.50812731970558,106.28039310492204,117.66209326299305,101.44112525705972,116.89451520943807,0.1637449384181981,5.0,0.02138242335424073,1136.0,1133.0,1033.8999999999999,1.098752297127382,1.0958506625398976,0.1250880236746343,0.6,-10.022318779073114,243,126,69.12859591296116
293,Chattanooga,SC,12-17,105.20527887352156,253,116.33712121723693,303,0.23927557947033243,293,13.547576217014457,17.452423782985544,7.547576217014457,10.452423782985543,6-10,0.3314339006098904,0.3192235706555037,0.3413547936978295,0.3174759133305232,0.3192235706555037,0.31621371637359275,0.9123643844584595,0.8764857176249171,108.50104130037433,114.43435877637411,108.08671080223984,115.14951681709051,104.50662380108254,115.83854948669608,114.60710373269973,114.33556396558792,0.5068194259743641,2.0,-0.04417140707664352,1193.0,1229.0,1086.0,1.098526703499079,1.1316758747697975,0.11508509777969869,0.375,-13.313082683925755,305,277,66.54433011105039
294,Western Michigan,MAC,9-18,107.86422518608569,206,119.502002325675,339,0.23536007730610065,294,11.102890904164065,19.897109095835937,4.102890904164064,13.897109095835935,3-11,0.4282651284031128,0.3774783828921331,0.4754242492347368,0.43976750618301874,0.3774783828921331,0.4847540952264362,0.8630905215870088,0.8515431052091753,108.98300578358536,109.94513559414932,108.95605585773426,109.75101764574032,108.07385990634776,120.70822949950258,112.540013507012,125.77094357589897,0.21784564071469484,3.0,-0.027039978806235154,1041.0,1148.0,952.1250000000001,1.0933438361559669,1.2057240383353025,0.5174085561973844,0.21428571428571427,-13.092734715100548,299,242,67.50119654400054
295,Northwestern St.,Slnd,9-19,103.36941436565766,282,114.59306979575427,279,0.23408275559023026,295,9.883414372430265,21.116585627569737,7.883414372430265,14.116585627569735,7-12,0.43706324007699066,0.4765391953779176,0.4183641033554988,0.44024027544428573,0.4765391953779176,0.425390717289618,0.8603141696485469,0.7817890995382377,108.23189982782289,109.18328486093051,108.23538557120067,109.2749734719847,101.47222165052366,112.28265421502836,108.32853976849691,108.20344955606416,0.5033217180607881,4.0,-0.03307503041955784,1277.0,1344.0,1242.3125,1.0279217185692007,1.081853398400161,0.4698926055390393,0.3684210526315789,-13.73216886978113,316,255,65.06474424808793
296,Southeastern Louisiana,Slnd,8-20,99.22974325990317,337,110.04077870182066,188,0.23339275283046035,296,8.82487095240983,22.17512904759017,5.82487095240983,16.17512904759017,5-14,0.4493031806875654,0.5025575375216659,0.4240774327135178,0.44783834785242066,0.5025575375216659,0.4254532248059112,0.869177057545064,0.8123479177233931,108.2771151004765,110.04640781107025,108.18051988141045,110.02069170637918,98.7170254299416,110.11889626838187,104.52995358261852,125.85584108577658,0.10572897962348145,2.0,-0.04870224435240861,1230.0,1348.0,1237.5874999999999,0.9938691203652268,1.0892159140262812,0.43416657472440195,0.2631578947368421,-14.787651102695929,332,290,64.92641239848399
297,Georgia St.,SB,10-19,100.11354481650079,332,111.13166611523086,207,0.23134663626183055,297,10.974030441192383,20.02596955880762,7.974030441192381,10.025969558807617,7-9,0.4002959482533359,0.402564200470499,0.39845299332689094,0.39379656198036217,0.4025642004704989,0.38746437862637456,0.9000613278721941,0.8653646871521669,108.1337199117226,110.95522618009589,107.76427327311205,110.93525147950754,102.19097902962942,110.46607668381691,98.84779841782594,93.59656060146838,0.6519808909257511,2.0,-0.013890573574639242,1132.0,1161.0,1078.3375,1.049764104466366,1.0766573544924478,0.29955546102224373,0.4375,-14.759859254816856,330,211,67.43023237045463
298,USC Upstate,BSth,12-17,101.01724783270103,320,112.30160635095947,241,0.228321327532822,298,13.148500558553895,17.851499441446105,5.148500558553895,10.851499441446103,4-10,0.37061721065753817,0.37604618565544395,0.3648004517312104,0.36129307245567127,0.37604618565544395,0.34746202883088434,0.8810762238498049,0.8361537363052821,107.34861166997794,111.10055032677732,106.96163827234183,111.67170966802254,98.93395449852413,112.96195990435902,108.59081583066808,96.65052425875193,0.7924208410553584,2.0,-0.015556482194652888,1002.0,1102.0,995.3000000000002,1.0067316387018987,1.107203858133226,0.22609306852860186,0.2857142857142857,-12.303786598369046,287,214,67.83160011304
299,Central Connecticut,NEC,16-11,106.37732872289742,239,118.33602523657413,325,0.22702942215624614,299,17.425142787011893,11.574857212988109,11.425142787011891,6.574857212988109,10-6,0.26448576097814436,0.36239591125447934,0.197172532663164,0.25610768224249525,0.36239591125447934,0.19115376451294938,0.9386961389215782,0.8881185201666195,103.02313351621243,113.08271608036608,102.80800425637787,113.46334220040724,107.9969577681835,119.33615526885934,112.24850738197098,122.58085194102388,0.26646363631470676,1.0,0.0890619738896592,1135.0,1128.0,1020.8,1.1118730407523512,1.1050156739811914,0.14300361931123237,0.625,-8.49077960136553,208,21,64.6439823520966
300,UNC Greensboro,SC,12-17,108.90450454242341,179,121.15194340092188,350,0.22695208860411423,300,12.568044685829786,18.431955314170214,8.568044685829786,9.431955314170214,8-8,0.3571671686843905,0.41249265082122594,0.3122152144482116,0.35738110132330353,0.41249265082122594,0.3175783155748038,0.9080299062500657,0.8665336303415663,108.29885792395508,113.77677193237743,108.30569624874279,113.79419150746041,109.81003552824036,122.89328171087924,107.93275418504172,119.32595578058401,0.23975364977752056,1.0,-0.010233637905598003,1257.0,1318.0,1092.4499999999998,1.1506247425511467,1.206462538331274,0.36048312458754184,0.5,-13.27948542486329,302,204,67.06333065443891
301,Le Moyne,NEC,14-15,101.76813837894738,311,113.23130045188232,255,0.22662647866551192,301,15.20408990308494,15.79591009691506,10.20408990308494,7.795910096915058,9-7,0.29011426900497733,0.40734943947946245,0.19486069299445832,0.2818423976815524,0.40734943947946245,0.19119842304972862,0.9242872286772437,0.8615523758856133,104.15922840762734,113.53463469756613,103.85847216479297,113.66429587486587,98.45577511725125,110.11686877954281,81.47103125567249,103.28428126686198,0.061327781754212655,1.0,0.002249612718591032,1150.0,1109.0,1101.7625,1.0437821218275263,1.006569020092806,0.16190026349189077,0.5625,-11.808187435499143,279,176,69.25756142329385
302,Cleveland St.,Horz,10-19,112.07493406119801,123,124.74197130946564,364,0.22593364757940304,302,10.55053972200147,20.449460277998533,6.550539722001469,13.44946027799853,6-12,0.41846896999113387,0.41720193415788565,0.4192432696670076,0.4216847496111747,0.41720193415788553,0.4241502981104836,0.8895528199497044,0.8529365064569241,110.42570851203249,111.66854984913901,110.3566881163283,111.59787003329086,111.73218643067487,123.51904540402873,93.34495663136376,121.82135513891602,0.04470567589192223,2.0,-0.00557953270283057,1446.0,1558.0,1257.0874999999999,1.1502779241699566,1.2393727564708106,0.4683135541017681,0.3333333333333333,-14.488778778974249,324,192,69.21377385485522
303,NJIT,AE,15-14,101.06672669729994,319,112.66990199454644,246,0.2227285851346074,303,16.143897857215585,14.856102142784414,11.143897857215586,4.856102142784414,10-4,0.33089877169257004,0.4693818497965713,0.18252404515256843,0.32238017577005446,0.4693818497965713,0.18456610637019458,0.8892871175222222,0.8034128894202135,104.84822207935379,112.45946443522084,104.62013542966716,112.70158350075478,104.50971115809833,113.12230427856693,89.31121165407204,121.41199671557992,0.02843684461382646,3.0,0.0603966220400286,1029.0,965.0,929.9125000000001,1.1065557243289017,1.0377320446816232,0.19886053489357758,0.7142857142857143,-9.590765533400704,233,56,67.80396979998423
304,Texas Southern,SWAC,10-16,103.79319532621544,273,115.72076767691617,295,0.22253286716060447,304,12.248549584733563,16.751450415266437,10.248549584733563,7.751450415266436,8-7,0.3675788215324082,0.5628629152584876,0.22437048613328325,0.3414063277970495,0.5628629152584876,0.20607174657061497,0.8558634209861429,0.676624640127883,106.6521688328317,110.53326815204082,105.92394150613752,111.54839587522663,103.68490951640003,114.66128972312472,100.67299571167814,118.67506232488422,0.13102988551727499,5.0,-0.047604096917254035,1155.0,1105.0,1055.375,1.0943977259268032,1.047021200994907,0.11457804875727358,0.5333333333333333,-10.953720592215078,255,287,68.5386232831604
305,Lehigh,Pat,13-16,101.91897927290671,309,113.67015714656021,261,0.22185113193094916,305,13.97726031978154,17.02273968021846,9.97726031978154,8.022739680218459,9-7,0.32372707515580895,0.4044465581757126,0.2581424952021372,0.32035410175191087,0.4044465581757126,0.2596206610013874,0.9056434211464598,0.8405049758772184,106.22090776292332,112.96798224415487,105.96231239906413,113.00619521412577,101.88632832816366,112.41598195801915,85.5735945076405,103.76233008340432,0.09829167984453739,2.0,-0.0030336326517517165,1190.0,1203.0,1112.9,1.0692784616767004,1.0809596549555216,0.2714459873953892,0.5625,-12.293523507896396,286,187,66.66151099196406
306,Jacksonville,ASun,10-19,102.3781891537872,296,114.3065189894034,273,0.2197002603534464,306,11.11922135484936,19.88077864515064,6.11922135484936,11.88077864515064,5-11,0.3964064524523497,0.4749664645902494,0.3325764425903063,0.3826010982486815,0.4749664645902494,0.3158927781131048,0.8786296433429731,0.7979770161671615,109.21858052155545,112.55009047101903,109.04416339554572,113.18716259461513,102.27193599365799,111.88651844240587,103.99669982395667,118.19031692306476,0.18674879665780175,3.0,-0.033773384607648615,1098.0,1137.0,1021.7249999999999,1.0746531600968952,1.1128239007560743,0.1824234622954928,0.3125,-14.02303332893328,318,256,62.905185623155006
307,Loyola Chicago,A10,6-22,103.53396360922686,279,115.61503727017518,294,0.2193920614640924,307,6.485250132453114,24.51474986754689,2.4852501324531135,15.514749867546886,2-13,0.5495607680634785,0.433750349237335,0.6499297977128029,0.5629650498336827,0.4337503492373349,0.6562867780421558,0.8161954483780112,0.8773046867985317,110.07954023143374,108.03149598978045,110.7678243941031,107.91668709052357,101.41579352389735,110.76170866312548,115.33061733065814,106.3918909299352,0.7166177993201708,3.0,-0.03748658175088779,966.0,1164.0,1014.5875000000001,0.9521110796259563,1.1472642822822081,0.6880716796889206,0.13333333333333333,-15.461270918098371,338,265,66.12178105697764
308,Alabama A&M,SWAC,16-12,103.36296156393249,283,115.43060848025426,292,0.21928071508436336,308,17.76271012759794,13.237289872402059,10.762710127597941,7.237289872402059,9-6,0.2805259177720861,0.3441099515393372,0.22541975517380164,0.2739542955981872,0.3441099515393372,0.22328632186291208,0.9201783074596236,0.861016513362805,103.9024707320519,112.71098209452151,103.51818703402226,112.69681996731235,104.62366303038517,115.67332168809762,85.8799698421771,121.05116218549048,0.018936969907701804,2.0,0.0589313055350108,1104.0,1084.0,1013.1374999999999,1.0896842728652332,1.0699436157481093,0.21261915530846429,0.6,-8.81917145987864,219,60,65.11259581690997
309,Bellarmine,ASun,11-17,114.63819362929084,91,128.124828531816,365,0.21770757904054064,309,11.803706186123547,18.19629381387645,6.803706186123548,11.196293813876453,6-10,0.36866524665261863,0.42481639912972563,0.3265518822947882,0.36562783312137725,0.42481639912972563,0.32616878911581154,0.8899854688159754,0.8216198756480845,109.09462178981433,113.62927573243618,108.79405040570694,113.59044127535084,115.07028851165352,129.68322243813822,119.50475457862727,124.37627446275123,0.38710782014390605,2.0,-0.014621735949324255,1287.0,1331.0,1054.0625,1.2209902164245479,1.2627334716869256,0.3231040436839979,0.375,-12.694660399561203,292,212,64.00627012580114
310,Evansville,MVC,6-22,101.14298442211171,318,113.24676942318571,256,0.21418329460937588,310,6.594956547834604,24.405043452165398,2.5949565478346046,17.405043452165398,2-15,0.5367972865050893,0.45581449180832334,0.5891979183677024,0.5429975773827566,0.4558144918083235,0.5909482744486946,0.8307629376970848,0.826929966263543,110.69500411786427,106.95101777802626,110.66833449469091,106.81467851626805,99.98425689450352,112.02896543176102,97.62401115134496,106.29741253648922,0.27311986047083453,1.0,-0.03934860010666055,1114.0,1323.0,1160.0624999999998,0.9602930876569152,1.1404557944076292,0.6008669589076496,0.11764705882352941,-15.674423402054606,341,267,66.84366647312552
311,Alabama St.,SWAC,9-19,100.12557812641874,331,112.19044183176756,238,0.21275719312173413,311,10.435944674445773,20.56405532555423,7.435944674445772,10.564055325554227,6-9,0.3907470972339292,0.5810076056138713,0.22585465663797943,0.3769851113677251,0.5810076056138713,0.22963553218995292,0.8665282496441039,0.7360487389460322,105.59207065589602,110.3250027143121,105.26053702713345,110.55975243341874,95.97159852074486,108.87813972109299,115.07865302051984,118.82819914862971,0.408849509399271,4.0,-0.05686968860091701,1094.0,1084.0,1079.9499999999998,1.0130098615676653,1.0037501736191492,0.24853990994982048,0.4,-13.69204717267594,315,304,69.0500808312079
312,West Georgia,ASun,12-16,102.98507339071134,292,116.18458502565353,300,0.19991025679692093,312,13.163404872478353,16.836595127521647,7.163404872478351,10.836595127521647,6-10,0.3443088429480556,0.39520547878930606,0.30613636606711764,0.3356839611404505,0.39520547878930606,0.29600294937454674,0.8892888090321546,0.8034269291146457,109.27945177376962,114.85488271100971,108.80192318465909,114.98254314471487,102.60115292933129,116.03529217446774,101.13963474191985,106.73963484456195,0.3498405058447829,3.0,0.0180610283146716,1220.0,1282.0,1110.225,1.098876353892229,1.154720889909703,0.2149356158339797,0.375,-11.77532463429393,277,135,68.65699172355687
313,Florida A&M,SWAC,11-15,98.80110037536632,340,111.54945938581209,224,0.1985101107698224,313,11.918529811267781,17.08147018873222,8.918529811267781,9.081470188732219,8-7,0.3217915016522027,0.485457810418157,0.20176954189050303,0.3242194796103075,0.485457810418157,0.2256849441166218,0.8969419743014323,0.7895526164451855,105.48666767505948,112.42303761118075,105.26894936365699,112.09526285152604,99.44009122984461,110.56739382958473,93.09240446952488,108.53145675018696,0.14620944367138905,4.0,-0.023104127575935385,1076.0,1062.0,1028.6625,1.0460184948902094,1.0324085888228647,0.3452619552472156,0.5333333333333333,-11.300196936914341,269,234,67.69358960683167
314,Ball St.,MAC,8-19,98.74416869057167,342,111.48561241713051,222,0.19850304318448833,314,9.532355034563727,21.467644965436275,4.532355034563726,13.467644965436273,3-11,0.39666222634242376,0.2956786488788384,0.49043269113003873,0.3832709021723206,0.2956786488788384,0.44653197399539113,0.8983803728447485,0.9076424750102531,108.77044134694222,111.63573207629187,108.30855197416977,111.96325528836903,99.10288554932424,112.60262460929059,103.96274821481411,113.6993303636045,0.2631740769613205,2.0,-0.05131512860455578,901.0,1037.0,904.4875,0.9961442253209691,1.1465056178222475,0.2928794640241247,0.21428571428571427,-14.908926763484667,333,294,63.36513217871686
315,UMass Lowell,AE,13-15,103.91533240199291,270,117.34646969356962,317,0.19815347053866747,315,14.210115186041167,16.789884813958835,9.210115186041167,6.789884813958832,8-5,0.2991602521649272,0.41258605211214455,0.16828432914890706,0.29648371941544355,0.4125860521121445,0.18763778251228627,0.8955324852028973,0.8169535962293879,104.92165433048552,112.68661591722639,104.64243911041557,112.62368328755961,103.30469051720678,116.9184436890059,99.87697002785931,124.54754607281264,0.0731956346833543,3.0,-0.016329293023439218,976.0,938.0,883.4124999999999,1.1048066446875044,1.0617916318820484,0.27150274708692945,0.6153846153846154,-11.039013474868646,257,216,69.3181810185373
316,Albany,AE,10-18,103.99693112355732,268,117.45242433216666,318,0.19793871411909925,316,11.777715244551876,19.222284755448122,7.777715244551876,8.222284755448124,6-7,0.33417397682606387,0.46068004478775626,0.18820543687026484,0.3197688872331088,0.46068004478775626,0.18766467702562664,0.9166630961268232,0.8606289254809585,106.13058394375788,112.6662012011968,105.31437145960743,112.8252319617309,102.80048315493019,116.10107157412472,0.0,0.0,0.0,0.0,-0.06616758613289825,904.0,882.0,825.5750000000002,1.0949943978439267,1.0683463040910879,0.18532138436552778,0.46153846153846156,-14.45430941289285,323,317,65.15362857456775
317,Houston Christian,Slnd,10-18,102.92233742765882,293,116.2607516545576,301,0.19759412003160512,317,10.839299744639193,20.16070025536081,6.8392997446391925,15.160700255360807,6-13,0.39809080784654644,0.3374903392091041,0.4267962929905981,0.4022233039467958,0.3374903392091041,0.4287049713394879,0.8787373336233288,0.8468321795229886,107.89380899828114,110.79034780557768,107.7350893046569,110.56716510182893,102.01466827242847,115.5260742224343,113.77874536674493,124.24614699738612,0.2665685696550176,2.0,0.005062855564637925,1257.0,1377.0,1222.3499999999997,1.02834703644619,1.126518591238189,0.440793267549123,0.3157894736842105,-13.33444316749517,306,166,63.45443826221509
318,Wagner,NEC,11-16,103.65919543515346,277,118.33510473252387,324,0.17905882552392663,318,12.393453211050138,16.60654678894986,7.393453211050138,10.606546788949862,6-10,0.2862572232281803,0.40179563837440624,0.2068245628151501,0.2743644294301102,0.40179563837440624,0.19648980174192932,0.9184713798461682,0.8364610378653835,103.79939779033602,112.23518875673501,103.32566630095972,112.58723277615694,101.73828991083693,118.65030756146407,110.15262449930304,109.79922265194023,0.5092376180150726,2.0,-0.04503976067833371,1093.0,1138.0,1036.8375,1.0541671187625832,1.0975683267628726,0.11381171315616312,0.375,-12.785874729822428,293,278,65.26341066339978
319,North Florida,ASun,6-23,109.2091523378709,170,124.68862664105124,363,0.17881746813654126,319,7.025211408181054,23.974788591818943,5.025211408181054,12.974788591818946,4-12,0.4041234020067074,0.49198283573274393,0.33273761210430247,0.39237909511830193,0.4919828357327441,0.3204430602300936,0.8467251288040457,0.7230865388784856,109.58156325699804,111.21268476439367,109.18088814175373,111.53717452038242,108.7522077586464,123.53905701058221,101.9007644416135,115.13763717554009,0.19710594703327652,4.0,-0.1252868557541892,1298.0,1400.0,1142.05,1.136552690337551,1.225865767698437,0.2220866452364228,0.25,-17.19566662221276,352,360,70.07339901028543
320,Stetson,ASun,10-19,104.10353907894344,266,118.96110368327919,338,0.17737679769167244,320,10.734665732005375,20.265334267994625,6.734665732005374,11.265334267994625,6-10,0.39434979558178446,0.4767676019688513,0.3273853278922926,0.3865416666004756,0.4767676019688513,0.3213784910566486,0.8859490813596664,0.8150435962272174,109.14904157332123,112.93398015502304,108.86998288170956,113.03727817739146,105.84046235673526,119.44966322110417,88.50382047706933,108.08564815885883,0.09123900325291648,3.0,0.0028586690976358797,1222.0,1285.0,1095.8749999999998,1.1150906809627013,1.1725789893920386,0.2733237963714973,0.375,-14.296211818468924,322,173,66.63496044884184
321,Prairie View A&M,SWAC,11-17,102.02638258100842,307,116.90856351472902,312,0.17280911013270517,321,12.699940262235717,18.30005973776428,7.699940262235717,10.300059737764283,6-9,0.3181321503867948,0.42975803519149347,0.22138971688938927,0.30309000686674925,0.4297580351914936,0.21160754196554488,0.8980877190016181,0.806331009885759,105.58133607047705,111.76237752644778,105.13662598619301,112.48493838790911,99.82299936761314,115.8858859408842,115.34990651195665,117.833113151574,0.4390692603119575,3.0,-0.0438480108963451,1158.0,1180.0,1106.2250000000001,1.0468033175890978,1.0666907726728285,0.16269666734632307,0.4,-12.916734274435678,296,275,72.46685465173012
322,Little Rock,OVC,11-18,101.99079420481137,308,117.31627086506018,316,0.16660314132307913,322,12.221619121094095,18.778380878905907,9.221619121094095,10.778380878905905,8-10,0.32293904830894227,0.4546307874188795,0.24246076329731375,0.3119147477065681,0.4546307874188795,0.23342092586479665,0.9209234723923349,0.8485307783612798,103.64242293693341,110.85191448931788,103.44873534199375,111.31475251890672,101.98643674000398,115.11959805850188,105.33790863854499,141.04666322375698,0.03366504919759735,1.0,0.00745155762144345,1285.0,1271.0,1214.7375,1.057841714773768,1.046316591033042,0.15206238897214283,0.4444444444444444,-14.553669030771378,325,158,66.02448996434384
323,Norfolk St.,MEAC,14-14,101.22986119886488,315,116.59675747754238,307,0.16447958521991438,323,15.561008683517903,15.438991316482097,8.561008683517903,5.438991316482096,7-4,0.27251354505105896,0.37643274790539016,0.11191114063981983,0.2630222648815804,0.37643274790539016,0.12530953549552562,0.9113696083532656,0.8557142384104447,102.78483260636932,112.30009303884732,102.34622736707163,112.68496245046009,101.95182887576799,119.67359180785405,100.07679154181515,108.95881754868182,0.27331460476840264,2.0,-0.0007334533879415073,843.0,795.0,764.8875,1.102122861205079,1.0393685345884198,0.17443698329978027,0.6363636363636364,-10.551524519204557,250,182,67.64856493319806
324,Northern Illinois,MAC,9-17,97.14447445914807,349,111.93490442597206,231,0.1638633467942618,324,9.946012983212057,20.053987016787943,4.946012983212058,13.053987016787943,4-10,0.4228921310488794,0.42803046341438805,0.41848784616415774,0.4342767223843226,0.42803046341438805,0.4384408950309456,0.8622654210197533,0.823538115261553,109.02467856533436,110.59859113634143,109.27625833479507,110.56336285051292,93.39070061058673,109.2577600765385,98.8405422072896,116.40015492935686,0.13232582766730588,2.0,0.05358368653079665,916.0,1039.0,959.8499999999999,0.9543157785070585,1.082460801166849,0.508276566064703,0.2857142857142857,-12.324449584666922,288,65,67.26292019680362
325,New Haven,NEC,13-15,97.2578312221234,348,112.08437507115309,234,0.1635984389879448,325,14.63505430362025,16.364945696379753,9.63505430362025,8.364945696379753,8-7,0.3020935077064862,0.4134413580055798,0.20559203744727167,0.28847326602081036,0.4134413580055798,0.19821853292069908,0.8982279002121645,0.801230690765528,104.4275983096281,111.41006697835701,104.12095286251922,112.13337037921558,98.2612679740612,111.92528416067121,90.86861839614139,110.17418857752507,0.09837151558322069,3.0,0.03481150447487563,965.0,969.0,934.275,1.0328864627652459,1.0371678574295577,0.16135101028783616,0.5333333333333333,-11.117312033051341,260,105,63.148734202949214
326,Cal St. Bakersfield,BW,8-20,101.50902122255471,312,117.03371076307954,314,0.16292618952476634,326,8.866914625998282,23.13308537400172,2.8669146259982807,17.13308537400172,2-14,0.46718089061233264,0.41653689678378036,0.5051638859837465,0.46695545213165585,0.41653689678378036,0.49720658534038087,0.8683383805591238,0.8503197842707725,107.64670026081077,108.51202286322723,107.66023121070798,108.60855152400758,101.53655429644388,118.92642820071187,87.12079407812145,102.47794724566872,0.13388361882799255,2.0,0.00246727813892611,1150.0,1373.0,1161.95,0.9897155643530272,1.1816343216145273,0.46537738276691837,0.125,-14.759971479682092,331,175,69.51777862769463
327,Loyola MD,Pat,11-18,103.6984119533031,275,119.58130017840415,340,0.16262007033633802,327,11.59944828166453,19.400551718335468,7.59944828166453,10.40055171833547,7-9,0.2798946070719532,0.3062287644260586,0.25849810422174263,0.2829983754078499,0.3062287644260586,0.26622087222803253,0.9282064150113605,0.896009245240263,104.15535853120473,113.6144729031247,104.14456865951942,113.45943296634562,102.39333053985598,116.64768114275388,73.21693759277711,107.2307310590389,0.012274327645997488,1.0,-0.04873845716927733,1218.0,1234.0,1123.7375000000002,1.0838830242828061,1.0981212249301993,0.3280030162783521,0.4375,-15.040574177711493,334,291,68.42062192043308
328,Tennessee Tech,OVC,13-16,102.24517016351348,302,117.97889021026762,320,0.16164761524195054,328,13.33924301069851,17.660756989301493,8.33924301069851,11.66075698930149,8-10,0.2731641078428199,0.3697483345434085,0.21414041374801587,0.28211731664037193,0.3697483345434084,0.23392025679370193,0.9200080882655335,0.8461100359145812,103.6756835928392,112.57646583284897,103.63235278456861,112.12908428571703,101.71379972940251,119.3153915487897,99.26786207039765,119.07536420624632,0.10985242282142675,2.0,0.0072603367256133255,1261.0,1298.0,1188.4624999999999,1.0610347402631553,1.0921674011590607,0.41193884420487636,0.4444444444444444,-12.915311297318983,295,159,66.72832773028169
329,Holy Cross,Pat,10-19,102.26746475634621,301,118.03110527177839,322,0.16129811771951974,329,10.835563861945605,20.164436138054395,5.835563861945606,12.164436138054395,5-11,0.33489151341923157,0.4167129413681607,0.2684116032107266,0.32941642037553254,0.4167129413681607,0.26636893299196784,0.9074456042758451,0.8465384314886985,106.47435665233327,112.49328646565199,106.58801781724806,113.01927088122099,102.1148474117991,117.09850068233126,93.83006998759694,106.45969499099834,0.18965822768281945,2.0,-0.018043707007821208,1117.0,1165.0,1048.3625000000002,1.0654711514385529,1.1112568410258854,0.25002757124189745,0.3125,-15.222451927113164,337,222,65.17191946574647
330,Lafayette,Pat,9-20,100.31403490287596,326,115.90200886317072,296,0.1596205757702755,330,9.845878346844444,21.15412165315556,6.845878346844443,11.154121653155556,6-10,0.33902230576504266,0.4278295374311312,0.2668664300363458,0.33418734399964517,0.4278295374311311,0.2665568709657942,0.9106723243287769,0.8542781343310509,105.89910108491723,112.51937132423446,105.8507642434214,112.81733502509165,97.47557747441542,113.51021494563456,98.79449267946396,117.21027831725841,0.1228548748403501,2.0,-0.04110969498893935,1079.0,1153.0,1060.1875,1.0177445027412604,1.087543476979308,0.2640803984013818,0.375,-16.320659679359682,344,272,66.46748787296669
331,Oral Roberts,Sum,7-22,99.6960026162295,334,115.364096179286,290,0.1572773113536363,331,7.855872637899802,23.144127362100196,2.855872637899802,13.144127362100198,2-12,0.4386851461510935,0.47080420464213196,0.4042718691964093,0.42487483270100396,0.47080420464213196,0.3818160465061963,0.8854271550996282,0.8535545072248545,111.17891656200146,111.70008727123101,110.76543360456745,112.17559844764263,97.98834063521036,115.5646336903556,98.34145236344901,118.0833411529193,0.10872146021411627,2.0,-0.04596210642455109,970.0,1122.0,964.2750000000001,1.005937103004848,1.1635684840942675,0.22462528767470577,0.14285714285714285,-17.11004027147062,351,284,67.1793571779075
332,Manhattan,MAAC,12-17,106.17382585314184,241,123.34819082221932,359,0.15132635457132218,332,12.552083741336304,18.4479162586637,8.552083741336304,11.447916258663696,8-10,0.3337891887352352,0.4042552295579745,0.2907266082324501,0.33436811059216126,0.4042552295579744,0.2959301951609641,0.9081213282725517,0.8444662139074732,104.05029109162795,111.61621310435835,104.07688626597603,111.55639302150486,104.20298007031991,121.23409463903664,111.35166547925189,126.8975863891341,0.18199331607702818,2.0,0.050141432939102004,1301.0,1373.0,1216.4125000000004,1.0695384994810557,1.12872894680053,0.34276247751759004,0.4444444444444444,-13.281097423975114,303,70,67.80015577511583
333,Eastern Illinois,OVC,11-18,95.68231723956588,356,111.24492982510311,212,0.15019663857555515,333,11.39100432956348,19.60899567043652,7.391004329563479,12.60899567043652,7-11,0.32017004764662854,0.48037740077126895,0.22226555407045945,0.3221183010771244,0.48037740077126895,0.23507579624534497,0.8781487284337068,0.7285043677683533,106.11707924927079,111.98560073317081,105.78030915405598,111.629117744156,95.562030737775,110.94841205333665,94.99263474138982,115.12767695350739,0.09878594610949619,3.0,-0.031493963719039064,1203.0,1249.0,1212.525,0.9921444918661471,1.030081853982392,0.35036797581931434,0.3888888888888889,-13.52246007412719,310,253,65.68728311308743
334,Fairleigh Dickinson,NEC,11-18,102.10089817756628,305,118.78758787764752,335,0.14920917715660464,334,11.395189085903683,19.60481091409632,8.395189085903683,9.604810914096317,8-8,0.29733683095460417,0.4413841873869932,0.1802983538532881,0.30112795081915217,0.4413841873869932,0.1998317799646003,0.8906831942620864,0.7836243301410702,104.74263180901286,112.02717727263538,104.72470000588086,111.8937664204697,101.85190447990323,117.82753195589113,87.15414806809068,105.81458540498787,0.09699094078786923,4.0,-0.04788894496348506,1076.0,1068.0,996.75,1.0795084023074994,1.071482317531979,0.35609918885509784,0.5,-13.89373889436861,317,288,63.950097499266306
335,Jackson St.,SWAC,9-18,102.05391142254828,306,118.91200974349869,337,0.14702221953688294,335,10.961250784534158,20.03874921546584,9.961250784534158,8.03874921546584,8-6,0.4326332958660054,0.6591872245024661,0.22226179070357746,0.3998039260544606,0.6591872245024661,0.21247154384201208,0.8151643042804254,0.6068768783680769,108.49669934253252,109.5971037187953,107.47929404470146,110.6637627826241,104.24001870408901,119.06596539486259,93.61637395112888,120.71955018514252,0.050977651110119995,7.0,0.05810292704831005,1098.0,1126.0,1015.5625,1.0811742261062218,1.1087451535479107,0.1782056798265334,0.5714285714285714,-11.332726213955985,270,61,70.00676504476752
336,Bucknell,Pat,8-21,98.26610856820434,346,115.14668623405889,287,0.13906613933905387,336,8.595625973484314,22.404374026515686,5.595625973484314,12.404374026515686,5-11,0.38158926312325375,0.5139232096966467,0.27406793153237197,0.3716309595252135,0.5139232096966467,0.26886433440140073,0.8915160565922516,0.8091402309146221,107.81838527189203,112.91499315477839,107.5367023711428,113.0717796679545,97.0661612596707,116.49322899086059,98.83950513907217,118.29211004933417,0.11243698911890945,3.0,-0.004201804000267317,1103.0,1211.0,1080.0625,1.0212371969214744,1.121231410219316,0.2272355573536306,0.3125,-16.62464101601725,346,189,66.65636824496013
337,Army,Pat,11-18,102.3303796801172,299,120.05868603412597,346,0.1373588553787407,337,11.957450312704307,19.04254968729569,5.957450312704307,12.042549687295693,5-11,0.3266772027692635,0.38011553045655105,0.28325856152334233,0.3156295824091713,0.38011553045655117,0.2690563977082859,0.9182603916473553,0.872959295821681,106.74459255137657,113.48913427907276,106.23140570350559,113.62915522195786,101.80501718240782,121.15391932781829,101.62336830612927,120.8120641771624,0.12035525125084859,1.0,0.03267174129446915,1138.0,1248.0,1071.5625,1.0620005832604258,1.1646544181977252,0.15543908718783417,0.3125,-14.5658536456756,327,109,66.47202970268238
338,New Hampshire,AE,8-18,96.96689906485904,350,114.19854648931818,270,0.1322691984016542,338,9.574665026825397,19.425334973174607,5.574665026825395,10.425334973174603,4-9,0.3458138532857457,0.48063889960618733,0.2109888069653038,0.3235610788279087,0.4806388996061871,0.19593534944555707,0.8742281081520248,0.7591333975878098,106.02115844702497,111.38649234268462,105.37828873255177,112.3742228884771,95.7771035359356,116.93207913923082,106.49597669807667,110.95757473044048,0.38415050674016044,4.0,-0.054480641123845264,898.0,970.0,893.5875000000001,1.004937960748108,1.0855120511421656,0.13070370019332125,0.3076923076923077,-13.51534226201891,309,301,67.33764764928668
339,Chicago St.,NEC,7-22,100.59604603828541,324,118.54101685328192,329,0.13150922806928575,339,7.406324238558031,23.59367576144197,5.406324238558031,12.59367576144197,5-11,0.39064242373347535,0.6424670287070477,0.1860349321924478,0.3866087162560695,0.6424670287070477,0.2018221572636963,0.8509438352858268,0.6893204515281666,106.37757850321418,110.35616803089293,106.31570040061115,110.5109670124855,99.80375865813174,118.02040742451739,98.53868663888329,109.54646970297533,0.22831581959041866,5.0,-0.06018985782624106,1052.0,1115.0,1018.8374999999999,1.0325493515894342,1.094384531389942,0.3281199578336841,0.3125,-16.290072799151694,343,309,65.4614296260945
340,Niagara,MAAC,7-21,99.28836131902442,336,117.01206242832959,313,0.13137453950692923,340,7.469624259888955,22.530375740111044,4.469624259888955,15.530375740111044,4-14,0.32016626604784876,0.3804362954969365,0.28668291635391113,0.3257351193818595,0.3804362954969365,0.29838453132432097,0.9040785403730012,0.8187296349145262,105.17849377945616,112.67952185747798,105.1536999058074,112.38856919202644,97.72526067313426,116.52456873066687,99.41280293798981,117.6472915025869,0.12600895701154535,2.0,-0.0818631742841357,1116.0,1242.0,1110.9125,1.0045795685978869,1.117999842471842,0.4036990660580093,0.2222222222222222,-17.381080352294724,354,339,61.952239898632044
341,Southern Indiana,OVC,7-21,96.19542491515082,354,113.60678951295269,259,0.12862660184530594,341,7.477602387421598,22.522397612578402,4.477602387421598,15.522397612578402,4-14,0.27491288108444956,0.3484565449567678,0.23405529004427278,0.274324991535905,0.3484565449567678,0.23725921482547366,0.9380371431870456,0.8939314008053844,103.34454802974362,113.18832880012775,103.56461752081358,113.41603971620066,96.07061088566329,113.234756662784,82.30067837259466,105.58586053128072,0.053902497045936075,1.0,-0.13164502712622195,1191.0,1280.0,1214.325,0.9807917979124204,1.0540835443559178,0.2660945378562814,0.2222222222222222,-18.463818492252855,358,362,67.68092407203527
342,Alcorn St.,SWAC,7-19,100.1693196520607,328,118.58046621037654,330,0.12560469638120458,342,8.82843539222143,21.171564607778574,7.8284353922214285,10.171564607778569,6-8,0.44590124908054146,0.7031984982760028,0.22536074977014575,0.4102085065133403,0.7031984982760024,0.21488184533823193,0.845407710920868,0.6657255256866335,107.75564336213284,109.7602597628834,106.80313201842738,110.84071998962807,100.33138824411328,119.69200618357512,96.9756348135835,117.37371982781578,0.10016544766359137,6.0,0.04184804521819138,991.0,1030.0,937.7249999999999,1.0568130315390973,1.0984030499346824,0.17820567982653357,0.42857142857142855,-13.170827346376042,301,91,67.83886616245233
343,UTSA,Amer,5-22,100.23039518625797,327,118.68980473338658,331,0.1252110362526196,343,5.6077083577771125,24.39229164222289,1.6077083577771123,16.392291642222887,1-14,0.5043024616477416,0.4435753278873986,0.5528841686560161,0.4978232167967226,0.4435753278873985,0.5339884760696054,0.8430540072516434,0.8314804744399028,110.45032353840021,107.91801789598892,110.1380515889605,108.15934328357726,100.33029021019419,120.86242566710168,114.1802918993176,123.08146566962775,0.29665469413995255,4.0,-0.014869406233439492,1010.0,1280.0,1029.8625,0.9807134447559748,1.2428843656313344,0.4395100131375522,0.06666666666666667,-16.071195666715482,342,213,68.30136098984936
344,North Alabama,ASun,8-19,101.14493361891458,317,119.8899947536527,343,0.12398402720388098,344,8.717983932739164,20.282016067260837,3.7179839327391644,14.282016067260836,3-13,0.3679603764249392,0.4254900419618695,0.32840873136829957,0.35717315377301156,0.4254900419618695,0.31542394432426507,0.9013290460656197,0.8443550966156397,108.885824245366,113.48002735757464,108.87471787372559,114.12834520973884,100.01992790706865,120.98632109366382,109.9054087605183,121.5425041947765,0.23913904236591546,1.0,0.009336278950903776,1110.0,1285.0,1060.0625,1.0471080714580507,1.2121926773185543,0.2115456479719891,0.1875,-15.13383103072477,335,153,64.82458288524923
345,Air Force,MWC,3-24,96.48704955378048,352,114.54176241374998,276,0.12210957337611712,345,3.3990716302111545,27.600928369788846,0.39907163021115455,19.600928369788846,0-16,0.6085006773131779,0.4391029372135604,0.7249616236316649,0.6148442732192342,0.4391029372135604,0.7115020080223549,0.7915627145454146,0.89721559751769,112.19339330796902,107.17827186134166,112.37643823916538,107.12455381877493,94.08117172582932,115.09780411858242,100.26198303277305,118.91342716930347,0.12325021862962593,7.0,-0.016469965825623767,935.0,1355.0,1078.1125,0.8672564319586314,1.2568261661004765,0.6576635455851145,0.0,-16.63146993633118,347,217,65.801983932161
346,Louisiana Monroe,SB,4-25,101.9140803572799,310,121.64580169719864,354,0.1155451956610343,346,4.140147596812751,26.85985240318725,1.1401475968127506,16.85985240318725,1-15,0.3860462071655327,0.38696097515131284,0.3853029581770864,0.39758589881239403,0.38696097515131284,0.40525945478984154,0.8869444997725674,0.8495739220005566,106.67594068543315,110.52026240090743,106.96268801246998,110.3679452720429,101.93763219344518,121.20328165726917,118.42810408173632,126.22415961446792,0.3245009960917152,2.0,-0.1317791775445098,1169.0,1367.0,1151.3999999999999,1.015285739100226,1.1872503039777664,0.5649114276918829,0.0625,-20.62056728257247,363,363,70.46423933545705
347,Stonehill,NEC,10-19,91.18425279222524,363,108.91997834204332,164,0.11466924905956712,347,11.072691014164796,19.927308985835204,8.072691014164796,9.927308985835204,7-9,0.280220807592635,0.36503157561019745,0.2113120585783656,0.27136808576802834,0.36503157561019745,0.20372223199312856,0.9154508994308094,0.8435680014096321,104.3932804972179,113.30832387832413,104.09849484281983,113.6471407626412,90.44280545230248,107.25643848387135,92.38257822383439,110.98570739248572,0.10814557342510428,2.0,-0.0065064701120916,1000.0,1047.0,1048.9374999999998,0.9533456473812789,0.998152892808199,0.14300361931123237,0.4375,-15.591528396668185,339,195,65.72575785631979
348,Canisius,MAAC,9-20,95.49723874459409,357,114.59041991399027,278,0.10947947890323532,348,9.399843718841852,21.60015628115815,4.3998437188418515,15.600156281158148,4-14,0.3242795148800187,0.381756493604478,0.2891546945484048,0.32940335689150196,0.381756493604478,0.30060913169936526,0.9212636716509324,0.8755662735107843,105.2640925053423,113.23943827559415,105.23441851242275,112.92085627111659,94.80251514275332,114.50316515173131,0.0,0.0,0.0,0.0,0.013467825546578716,1149.0,1285.0,1170.9250000000002,0.9812754873283941,1.0974229775604756,0.4036990660580093,0.2222222222222222,-16.657764335744353,348,140,63.83105223832638
349,Saint Francis,NEC,6-22,100.5519806004263,325,121.40438344717464,352,0.10273485390716913,349,6.7471346559064465,24.252865344093554,4.7471346559064465,13.252865344093554,4-11,0.34572567967068035,0.5100097246086508,0.20334617405777256,0.3329495493990942,0.5100097246086508,0.20507275619219226,0.8886615014682688,0.7799775286681412,106.55626122084642,111.8057320671626,105.83154678780691,111.78889611971857,101.38055241602142,121.63264091369608,98.79940988583111,118.29402953010222,0.11195363000558847,3.0,-0.08969788319345015,1111.0,1182.0,1045.4625,1.062687566507646,1.1306000932601599,0.21370566686429063,0.26666666666666666,-17.686852190603588,356,348,69.84252420705059
350,Maine,AE,7-21,93.07547182605538,361,112.53041881613913,244,0.10130133644758359,350,8.114080785765799,22.8859192142342,6.114080785765798,9.885919214234201,5-8,0.3282531346516386,0.43247303275786375,0.20799940606753253,0.3124205382867476,0.43247303275786375,0.19987132472007593,0.9217620162188332,0.8733825647020791,105.02338822752648,112.76169329037783,104.77543101473869,113.37948900958352,92.98066691146589,111.88875368468706,0.0,0.0,0.0,0.0,-0.03440070117785832,829.0,876.0,844.2375,0.981951168954234,1.037622706880469,0.16464963888109743,0.38461538461538464,-17.653348764627722,355,257,64.65744743553672
351,North Carolina Central,MEAC,10-16,100.76892997533008,322,122.75803070225922,357,0.09364425421096402,351,11.592037039877605,17.407962960122394,7.592037039877605,6.407962960122395,6-5,0.32895246871149264,0.45928828170694885,0.1512218146267798,0.30301266754885786,0.45928828170694885,0.13557450952233202,0.8655380099334884,0.7612467095650187,105.65658715034546,111.39778778213721,104.20519581409833,111.98245996779112,102.64697046770415,125.03456387128857,103.26349449333564,122.78868588370608,0.1200897008812739,4.0,-0.011057727258333816,795.0,825.0,735.55,1.0808238732920945,1.1216096798314188,0.0782010574726902,0.5454545454545454,-11.233652275111627,263,206,65.96290789672878
352,The Citadel,SC,9-20,98.31937173778633,345,119.81483007615583,342,0.09331167535762597,352,9.171817755206046,21.828182244793954,6.171817755206046,11.828182244793954,6-10,0.3232975220664255,0.33105351165198227,0.31699578052816063,0.3319267869239499,0.33105351165198227,0.33255748573148214,0.9214919563044831,0.9022503338572232,107.83844222270884,114.54917547147657,107.96417997366927,114.32179658411711,97.34589806393136,118.11253737265473,0.0,0.0,0.0,0.0,0.01269250372299735,1100.0,1242.0,1066.0874999999999,1.0318102407166392,1.16500756270006,0.45705112735805387,0.375,-16.81513673653551,349,145,64.11916471637824
353,Morgan St.,MEAC,11-14,99.43535421167881,335,122.27039375607045,356,0.0849152571816792,353,12.786735038798664,16.213264961201336,8.786735038798662,5.213264961201338,7-3,0.2748403213841193,0.37186884387929164,0.12929753764136076,0.25841137112817625,0.37186884387929164,0.13684979318055257,0.9265570599859949,0.8793955246722067,102.47000317441884,112.63388012407516,101.73673770127208,113.18449702687192,98.76731241698681,119.88487473812081,86.21925143102777,122.5371512247841,0.01725091107414765,1.0,0.05656396233770494,762.0,755.0,721.2375,1.0565174439764988,1.0468119031525678,0.15573043202853204,0.7,-11.163545873611616,262,62,70.3327048175184
354,UMKC,Sum,4-24,94.6956822098904,358,116.48052998438493,306,0.08462214897034293,354,4.682493946061142,25.317506053938857,1.682493946061142,14.317506053938859,1-13,0.4344387506688335,0.4535904767643998,0.41528702457326716,0.4202321436427149,0.4535904767643998,0.39104360216124057,0.8715208326896404,0.823168443903051,111.58389767384156,111.85802623454228,110.92644625256916,112.13074020212834,94.09921887441483,117.29778713100687,84.47570650796824,105.40821379237288,0.07270709478110375,3.0,-0.07031279829858184,957.0,1200.0,1001.1375,0.9559126493613515,1.1986365509233248,0.2213396452770544,0.07142857142857142,-18.81865191269128,359,322,69.63178461083666
355,South Carolina St.,MEAC,7-19,96.27164052884001,353,118.53454361398774,328,0.08375772862929735,355,8.829182078475593,21.170817921524407,6.8291820784755926,7.1708179215244074,5-5,0.343535444076743,0.46071534302819894,0.1560476057544137,0.30965709086925314,0.46071534302819894,0.13701908840188662,0.8814769210674133,0.7978398737149773,105.84256827921767,112.19845117014688,104.50386172201445,113.08998530599764,95.53479314284603,113.91717878387946,90.75550210665324,121.41276611179318,0.0339997902997568,3.0,-0.039453635896422035,684.0,714.0,687.4124999999999,0.9950357318204136,1.0386776498827124,0.0894477950205689,0.5,-14.565311175089821,326,269,68.41622147573969
356,Maryland Eastern Shore,MEAC,8-20,94.28107394350361,359,116.28530878540752,302,0.08223865027956212,356,10.513147190938499,21.486852809061503,6.513147190938499,8.486852809061501,4-7,0.3474367107037044,0.4692547692511134,0.15917243840316317,0.31131303054347137,0.4692547692511134,0.13231239334147707,0.8631394104961289,0.7618868798795218,105.7505565864004,111.76000457206042,104.06652556420464,112.7037887291844,91.97454848116216,116.49981953795468,89.3368890185584,106.15512346474489,0.12093559472066087,5.0,-0.007894272958005377,708.0,735.0,716.8625000000001,0.987637099164763,1.025301225827826,0.058447269421840274,0.36363636363636365,-14.618036126234896,328,199,62.85436613456292
357,Rider,MAAC,4-23,97.7875967041259,347,121.50536803056465,353,0.07604430307948294,357,4.135365625849151,24.86463437415085,3.135365625849152,16.86463437415085,3-15,0.39053352520854295,0.5369012671120776,0.3173496542567755,0.39564640681349933,0.5369012671120776,0.3320817196791389,0.8520810080771252,0.6709561107178009,107.13684281823105,110.80446711734167,107.23462083212749,110.73605935881362,98.90837774337218,122.2435415604733,103.88850952320914,115.71260258040691,0.22450572279078146,4.0,-0.0795180608386391,1180.0,1352.0,1162.0125,1.015479609728811,1.163498671485892,0.4646703084804099,0.16666666666666666,-17.933877469071,357,338,65.17744846935261
358,Bryant,AE,8-19,96.898660417581,351,121.30426862468089,351,0.07021982015845515,358,8.603602785430354,21.396397214569642,4.603602785430355,11.396397214569646,4-9,0.32806761510675103,0.45615751826590245,0.19012464247381852,0.3215923293558312,0.45615751826590256,0.20384778905951864,0.897888083351683,0.8194458605224413,104.70122462694754,111.35830859220123,104.39158505558413,111.4419702071432,96.05700367505294,123.56528331175188,97.85464079813404,99.7841971814656,0.44409544424129327,2.0,0.03083038853304243,838.0,950.0,827.8,1.012321816863977,1.147620198115487,0.2633147575975525,0.3076923076923077,-15.171453080693407,336,111,64.27056776365808
359,VMI,SC,6-23,99.20170483266531,338,124.54711157687603,362,0.06807883945857682,359,6.18202462148178,24.81797537851822,1.18202462148178,16.81797537851822,1-15,0.3337537625169778,0.3355447534253818,0.3322985824038995,0.3354782374892723,0.3355447534253818,0.3354301982020819,0.9129813687839227,0.8825427129779081,108.28424317555394,114.06460406787043,108.29236963682702,114.06208633238545,96.74188764799058,123.90091122101421,98.3033588046147,109.48569101133313,0.22461702989001445,2.0,-0.04255204959812586,1078.0,1319.0,1073.4,1.004285448108813,1.2288056642444567,0.36048312458754184,0.0625,-19.463561164235642,360,273,66.7665961776089
360,Binghamton,AE,6-23,98.43842447012165,343,123.6286067212593,360,0.06784435902436578,360,7.004820159806474,23.995179840193526,3.0048201598064743,12.995179840193527,2-12,0.24491537483994422,0.2676530252586082,0.2205536065342328,0.23487873320996538,0.2676530252586082,0.20415283441436274,0.9410107967752415,0.9138425116397574,103.23974445293621,113.9027133943062,102.56447056595631,113.96953536089312,98.49829296813455,121.20023223739166,77.52565205506019,109.99521853920287,0.017584055327512657,1.0,-0.10227328380868814,936.0,1041.0,916.2125000000001,1.0215970639998908,1.1361992987434681,0.08934742957527236,0.14285714285714285,-20.445681036961215,361,355,65.27292758254104
361,Gardner Webb,BSth,3-26,95.80662169882581,355,123.98283027554591,361,0.04904027507401386,361,4.247119798974237,26.752880201025764,1.247119798974236,14.752880201025764,1-13,0.42237526064349923,0.45862430400519766,0.38353699989882223,0.4129688738380955,0.45862430400519766,0.37016690805643704,0.8625082028105333,0.801826925958662,109.53500100742366,110.13213691872032,109.00865219391834,110.19980970942423,95.93350423337802,123.15907548924835,91.51497927609178,120.0635206187732,0.04219024434670204,3.0,-0.07452923483364789,949.0,1213.0,989.75,0.9588279868653701,1.2255620106087395,0.27657626515974076,0.07142857142857142,-20.513039797001035,362,330,69.9999679406239
362,Delaware St.,MEAC,6-20,89.00112629563105,365,115.46208261026385,293,0.04772623265494792,362,8.707401269065628,21.292598730934372,2.707401269065627,12.292598730934372,1-10,0.2786746767931796,0.36637626085166547,0.1590816076225171,0.2516769864924317,0.36637626085166547,0.13697771213319793,0.9243419100939438,0.8711627896835813,103.69010388056935,112.67274486500595,102.47013370569282,113.68463009162564,87.62538880999777,117.87737362812213,69.2155472226584,109.22601553233586,0.005239748321942022,2.0,-0.07634133678193722,676.0,795.0,736.725,0.9175744002171774,1.0791000712613255,0.07619199953757011,0.09090909090909091,-16.95351047673642,350,335,66.34492828316448
363,Coppin St.,MEAC,7-21,92.54142325954685,362,120.56059632288151,348,0.04557692115067151,363,7.561334164038893,23.438665835961103,5.561334164038893,8.438665835961107,5-6,0.35702153990485197,0.5138179378033871,0.11469983406166116,0.3461839298592149,0.5138179378033872,0.14262834878414848,0.8880278544163884,0.8153656847678106,104.7505562809425,112.08383976365067,104.45448541883346,112.33041616068249,91.44936457373298,116.69247849988506,87.20763112359651,121.5294338335529,0.02153209352629541,3.0,0.04859810633537259,731.0,772.0,745.2249999999999,0.9809118051595157,1.035928746351773,0.24503290276660192,0.45454545454545453,-16.507396502621326,345,75,68.51324970293237
364,Western Illinois,OVC,5-24,94.05117785630478,360,122.8853204489495,358,0.04414006149704864,364,5.232884108759408,25.767115891240593,1.2328841087594078,18.767115891240593,1-17,0.27261203897827463,0.3242288027595303,0.24106846111195168,0.2736982659732069,0.3242288027595303,0.24590647074072897,0.9320885588901727,0.8835258668037397,104.10685188886366,112.48116424612502,103.81958581395388,112.19113587844866,92.5222318900622,122.53148546868877,102.99894258429345,106.44913921942961,0.40639013104840077,1.0,-0.0501532685580256,1145.0,1404.0,1218.05,0.9400270924838883,1.152662041788104,0.28944855739972464,0.05555555555555555,-21.227375238249415,364,293,66.09116597089702
365,Mississippi Valley St.,SWAC,2-26,90.76554832265786,364,121.88345245994248,355,0.032608409832475135,365,2.320758919631318,29.679241080368683,1.3207589196313174,16.679241080368683,1-13,0.3750506775857024,0.5375935680380638,0.21250778713334073,0.35799229252741915,0.5375935680380638,0.2183024115746954,0.8827162728245399,0.7770646193701772,106.84444736954126,111.88101021240601,106.34983453234078,112.19600757479076,89.29454108414669,120.80278894708333,101.18628246846495,127.43328898696561,0.06585091274973028,4.0,-0.05799781845672475,891.0,1091.0,960.7499999999999,0.9274004683840751,1.1355711683580538,0.23858359711943672,0.07142857142857142,-21.247071471984043,365,307,66.79879766991482
